origin_msoa,origin_msoa_name,origin_lad_name_guess,commuters_to_selected_workplaces,od_weighted_msoa_exposure_sum,linked_workplace_msoas,linked_workplace_lads,msoa_exposure_per_1000
E02000810,Southwark 004,Southwark,982,1172.9884650542083,26,8,1.1729884650542084
E02000827,Southwark 021,Southwark,915,1056.523035569844,26,8,1.056523035569844
E02000812,Southwark 006,Southwark,881,1046.7488548147421,26,8,1.0467488548147421
E02000653,Lewisham 001,Lewisham,882,1032.5882327394818,24,8,1.0325882327394817
E02000620,Lambeth 003,Lambeth,903,1019.5532430846249,25,8,1.0195532430846248
E02000747,Newham 034,Newham,873,1007.3299955670241,26,8,1.007329995567024
E02000818,Southwark 012,Southwark,825,980.4087623471448,25,8,0.9804087623471448
E02000816,Southwark 010,Southwark,835,976.9049475588309,26,8,0.976904947558831
E02000564,Islington 011,Islington,844,974.2953832911661,25,8,0.974295383291166
E02000369,Hackney 025,Hackney,812,962.1624235479146,25,8,0.9621624235479146
E02000814,Southwark 008,Southwark,819,957.6694108092452,26,8,0.9576694108092452
E02000819,Southwark 013,Southwark,800,952.1399752110631,25,8,0.9521399752110631
E02006999,Newham 042,Newham,815,951.6708579944966,26,8,0.9516708579944966
E02000632,Lambeth 015,Lambeth,808,925.4535390776614,24,8,0.9254535390776614
E02000628,Lambeth 011,Lambeth,821,925.4194666696754,26,8,0.9254194666696755
E02000825,Southwark 019,Southwark,796,922.8453740062049,25,8,0.9228453740062049
E02000875,Tower Hamlets 012,Tower Hamlets,796,921.6059556552925,24,8,0.9216059556552925
E02000619,Lambeth 002,Lambeth,801,920.3996752667824,25,8,0.9203996752667825
E02000968,Westminster 009,Westminster,900,915.3892941329077,26,8,0.9153892941329077
E02000820,Southwark 014,Southwark,787,911.1648726720384,26,8,0.9111648726720384
E02000821,Southwark 015,Southwark,768,908.4959988259263,25,8,0.9084959988259264
E02000980,Westminster 021,Westminster,853,904.4637200032026,25,8,0.9044637200032026
E02000826,Southwark 020,Southwark,770,899.5834827669737,26,8,0.8995834827669738
E02000649,Lambeth 032,Lambeth,792,899.1832939967554,25,8,0.8991832939967555
E02000877,Tower Hamlets 014,Tower Hamlets,771,896.4332781209567,24,8,0.8964332781209567
E02000627,Lambeth 010,Lambeth,780,883.1843204349088,26,8,0.8831843204349088
E02006853,Tower Hamlets 032,Tower Hamlets,792,876.6872251154625,22,8,0.8766872251154625
E02000823,Southwark 017,Southwark,751,869.5409748428574,26,8,0.8695409748428574
E02000894,Tower Hamlets 031,Tower Hamlets,752,866.3585791224239,25,8,0.8663585791224239
E02000625,Lambeth 008,Lambeth,786,859.4966414563984,25,8,0.8594966414563984
E02000824,Southwark 018,Southwark,741,859.4161082684211,25,8,0.8594161082684211
E02000624,Lambeth 007,Lambeth,758,856.1884776136003,24,8,0.8561884776136003
E02000573,Islington 020,Islington,709,855.4144561839042,24,8,0.8554144561839042
E02000926,Wandsworth 004,Wandsworth,795,854.8048031330094,24,8,0.8548048031330094
E02000867,Tower Hamlets 004,Tower Hamlets,723,849.6476106517993,25,8,0.8496476106517993
E02000886,Tower Hamlets 023,Tower Hamlets,736,848.1957448644152,25,8,0.8481957448644153
E02000813,Southwark 007,Southwark,737,845.2438891930819,26,8,0.8452438891930819
E02000807,Southwark 001,Southwark,723,841.0258265351135,24,8,0.8410258265351135
E02007084,Wandsworth 039,Wandsworth,787,837.1204096781489,25,8,0.8371204096781489
E02000878,Tower Hamlets 015,Tower Hamlets,684,826.4524191325269,24,8,0.8264524191325269
E02000889,Tower Hamlets 026,Tower Hamlets,669,812.0280725981497,24,8,0.8120280725981497
E02000981,Westminster 022,Westminster,758,811.8911658769788,26,8,0.8118911658769787
E02000871,Tower Hamlets 008,Tower Hamlets,704,808.474898146609,25,8,0.808474898146609
E02000815,Southwark 009,Southwark,684,805.0775685990177,27,8,0.8050775685990177
E02007115,Camden 029,Camden,729,804.1983728017511,25,8,0.8041983728017511
E02000623,Lambeth 006,Lambeth,724,803.9169072100237,25,8,0.8039169072100237
E02000370,Hackney 026,Hackney,648,803.8295400281388,23,8,0.8038295400281388
E02000964,Westminster 005,Westminster,741,793.3048150836723,25,8,0.7933048150836723
E02000932,Wandsworth 010,Wandsworth,698,791.3559079138107,25,8,0.7913559079138107
E02000622,Lambeth 005,Lambeth,685,788.3390019390724,26,8,0.7883390019390725
E02000655,Lewisham 003,Lewisham,675,784.6056484951459,26,8,0.7846056484951459
E02000629,Lambeth 012,Lambeth,688,783.9074932584267,24,8,0.7839074932584267
E02000973,Westminster 014,Westminster,703,774.6215628925659,25,8,0.7746215628925659
E02000908,Waltham Forest 014,Waltham Forest,666,753.4746310531157,27,8,0.7534746310531156
E02000829,Southwark 023,Southwark,640,750.907875614308,25,8,0.7509078756143079
E02000930,Wandsworth 008,Wandsworth,660,750.3998228652681,23,8,0.7503998228652681
E02000866,Tower Hamlets 003,Tower Hamlets,645,745.7487049611657,25,8,0.7457487049611656
E02000911,Waltham Forest 017,Waltham Forest,671,745.6873960096248,27,8,0.7456873960096247
E02006942,Southwark 036,Southwark,622,745.5302711705605,25,8,0.7455302711705605
E02007110,Hackney 032,Hackney,607,742.6837444529938,24,8,0.7426837444529938
E02000887,Tower Hamlets 024,Tower Hamlets,647,738.7331134454091,24,8,0.7387331134454092
E02000638,Lambeth 021,Lambeth,637,736.1301260319207,27,8,0.7361301260319206
E02000635,Lambeth 018,Lambeth,648,734.0249750421231,25,8,0.734024975042123
E02000367,Hackney 023,Hackney,613,723.6409483283043,25,8,0.7236409483283043
E02000556,Islington 003,Islington,628,715.3440617508097,27,8,0.7153440617508097
E02000733,Newham 020,Newham,618,708.4683550817716,24,8,0.7084683550817716
E02000568,Islington 015,Islington,622,708.198168425748,25,8,0.708198168425748
E02000114,Brent 022,Brent,665,698.1884853845908,26,8,0.6981884853845908
E02000948,Wandsworth 026,Wandsworth,603,695.851453909907,25,8,0.695851453909907
E02006928,Greenwich 035,Greenwich,591,690.4591270622569,23,8,0.6904591270622569
E02000567,Islington 014,Islington,594,689.212966253591,25,8,0.6892129662535911
E02000961,Westminster 002,Westminster,634,688.0619062084553,24,8,0.6880619062084553
E02000864,Tower Hamlets 001,Tower Hamlets,588,681.5843693645215,24,8,0.6815843693645215
E02000881,Tower Hamlets 018,Tower Hamlets,603,681.2434508078824,25,8,0.6812434508078824
E02000107,Brent 015,Brent,639,677.0934434208698,26,8,0.6770934434208697
E02000882,Tower Hamlets 019,Tower Hamlets,586,676.775003891996,24,8,0.676775003891996
E02000725,Newham 012,Newham,597,674.6036893113596,26,8,0.6746036893113596
E02000828,Southwark 022,Southwark,589,673.8209021177438,25,8,0.6738209021177438
E02000639,Lambeth 022,Lambeth,600,671.890224482889,25,8,0.671890224482889
E02000949,Wandsworth 027,Wandsworth,574,670.7868777454577,23,8,0.6707868777454576
E02000743,Newham 030,Newham,586,669.4773160450666,25,8,0.6694773160450666
E02000571,Islington 018,Islington,551,665.6011301296969,24,8,0.6656011301296969
E02000975,Westminster 016,Westminster,607,665.2083008717468,23,8,0.6652083008717468
E02000633,Lambeth 016,Lambeth,586,663.9480682717369,27,8,0.6639480682717369
E02000192,Camden 027,Camden,564,660.9364973150739,24,8,0.6609364973150739
E02000822,Southwark 016,Southwark,567,657.0284837210556,26,8,0.6570284837210556
E02000574,Islington 021,Islington,563,652.7952774110439,23,8,0.6527952774110439
E02000630,Lambeth 013,Lambeth,565,652.412286175951,25,8,0.6524122861759509
E02000976,Westminster 017,Westminster,596,648.2907070860408,25,8,0.6482907070860409
E02000323,Greenwich 011,Greenwich,558,647.8398678418719,23,8,0.6478398678418719
E02000888,Tower Hamlets 025,Tower Hamlets,558,647.0478846882002,25,8,0.6470478846882002
E02000646,Lambeth 029,Lambeth,565,646.1231049764901,25,8,0.6461231049764902
E02000172,Camden 007,Camden,595,644.7993430044622,24,8,0.6447993430044622
E02007113,Tower Hamlets 035,Tower Hamlets,566,641.5756056520991,25,8,0.641575605652099
E02007083,Wandsworth 038,Wandsworth,586,638.3620137253458,24,8,0.6383620137253458
E02000559,Islington 006,Islington,545,636.9789463322724,27,8,0.6369789463322724
E02000363,Hackney 019,Hackney,554,636.3025891664854,25,8,0.6363025891664854
E02000872,Tower Hamlets 009,Tower Hamlets,529,634.0695352673175,26,8,0.6340695352673176
E02000637,Lambeth 020,Lambeth,557,633.3458251628314,26,8,0.6333458251628313
E02006997,Newham 040,Newham,542,631.1587179169795,24,8,0.6311587179169795
E02000830,Southwark 024,Southwark,549,630.7152435072476,27,8,0.6307152435072476
E02000261,Ealing 024,Ealing,595,630.1460791309337,26,8,0.6301460791309337
E02000419,Haringey 023,Haringey,571,628.8900233630117,26,8,0.6288900233630117
E02000883,Tower Hamlets 020,Tower Hamlets,553,623.1990365677723,26,8,0.6231990365677723
E02000919,Waltham Forest 025,Waltham Forest,551,621.8702174821201,25,8,0.6218702174821201
E02000643,Lambeth 026,Lambeth,547,619.9376320965309,26,8,0.619937632096531
E02000358,Hackney 014,Hackney,535,619.6176702952084,26,8,0.6196176702952084
E02006941,Southwark 035,Southwark,511,619.4788250210527,23,8,0.6194788250210527
E02007009,Lewisham 041,Lewisham,546,617.065767564725,23,8,0.617065767564725
E02000570,Islington 017,Islington,523,616.8968441547537,22,8,0.6168968441547537
E02000626,Lambeth 009,Lambeth,539,616.5254622394111,25,8,0.6165254622394112
E02000965,Westminster 006,Westminster,569,615.956203540604,25,8,0.615956203540604
E02000411,Haringey 015,Haringey,550,612.0451986926322,24,8,0.6120451986926322
E02000931,Wandsworth 009,Wandsworth,521,609.2514723204378,22,8,0.6092514723204377
E02000360,Hackney 016,Hackney,529,605.3919841098559,27,8,0.605391984109856
E02000738,Newham 025,Newham,545,604.1168145302164,24,8,0.6041168145302164
E02000631,Lambeth 014,Lambeth,519,602.6474531825378,25,8,0.6026474531825378
E02006927,Greenwich 034,Greenwich,501,598.5291715914248,26,8,0.5985291715914247
E02000178,Camden 013,Camden,553,597.6604529461313,24,8,0.5976604529461312
E02000368,Hackney 024,Hackney,508,594.7022923176211,25,8,0.5947022923176211
E02006995,Newham 038,Newham,508,593.8165060280515,22,8,0.5938165060280516
E02000569,Islington 016,Islington,497,592.6077760334975,23,8,0.5926077760334976
E02007114,Tower Hamlets 036,Tower Hamlets,517,589.9137633560081,26,8,0.5899137633560081
E02000184,Camden 019,Camden,550,589.3837434210684,25,8,0.5893837434210684
E02000566,Islington 013,Islington,500,587.8144648769317,23,8,0.5878144648769317
E02000921,Waltham Forest 027,Waltham Forest,502,587.3419907111302,25,8,0.5873419907111301
E02000963,Westminster 004,Westminster,541,587.3342521556619,26,8,0.5873342521556619
E02000020,Barking and Dagenham 019,Barking and Dagenham,504,587.3106655373598,26,8,0.5873106655373598
E02000969,Westminster 010,Westminster,558,585.9581656387091,25,8,0.5859581656387092
E02006798,Lewisham 039,Lewisham,502,585.8347566328025,24,8,0.5858347566328025
E02000572,Islington 019,Islington,529,585.7543706739258,25,8,0.5857543706739258
E02006930,Greenwich 037,Greenwich,505,585.148218173345,22,8,0.585148218173345
E02000641,Lambeth 024,Lambeth,520,584.953332986496,27,8,0.584953332986496
E02000817,Southwark 011,Southwark,502,584.9403639587374,23,8,0.5849403639587374
E02000974,Westminster 015,Westminster,553,583.7262961123733,25,8,0.5837262961123734
E02000879,Tower Hamlets 016,Tower Hamlets,513,582.6472524766783,23,8,0.5826472524766784
E02000759,Redbridge 009,Redbridge,492,580.971028505342,24,8,0.580971028505342
E02000920,Waltham Forest 026,Waltham Forest,500,580.396851388045,27,8,0.580396851388045
E02000640,Lambeth 023,Lambeth,504,579.9293180636704,25,8,0.5799293180636704
E02000873,Tower Hamlets 010,Tower Hamlets,521,579.889716946063,23,8,0.579889716946063
E02000016,Barking and Dagenham 015,Barking and Dagenham,493,579.0226657350058,23,8,0.5790226657350058
E02000923,Wandsworth 001,Wandsworth,529,578.8271850757005,25,8,0.5788271850757005
E02000934,Wandsworth 012,Wandsworth,511,578.3206895857455,24,8,0.5783206895857456
E02000831,Southwark 025,Southwark,502,575.3677599630691,25,8,0.5753677599630691
E02000392,Hammersmith and Fulham 021,Hammersmith and Fulham,513,575.2134057913123,25,8,0.5752134057913123
E02000314,Greenwich 002,Greenwich,484,574.0853464773321,23,8,0.5740853464773321
E02000693,Merton 005,Merton,505,572.8436898447035,25,8,0.5728436898447035
E02000120,Brent 028,Brent,537,570.3432538086727,24,8,0.5703432538086727
E02000563,Islington 010,Islington,507,569.5779736041018,25,8,0.5695779736041018
E02006996,Newham 039,Newham,488,568.7985006712648,25,8,0.5687985006712648
E02000756,Redbridge 006,Redbridge,477,568.4925449530767,23,8,0.5684925449530768
E02000636,Lambeth 019,Lambeth,481,568.4218437355407,25,8,0.5684218437355407
E02000124,Brent 032,Brent,515,567.5458848639788,25,8,0.5675458848639788
E02000941,Wandsworth 019,Wandsworth,499,565.394412670657,23,8,0.5653944126706569
E02000744,Newham 031,Newham,494,565.0355071315978,27,8,0.5650355071315978
E02000560,Islington 007,Islington,501,563.5388799221508,25,8,0.5635388799221508
E02000910,Waltham Forest 016,Waltham Forest,485,559.7175038814981,26,8,0.5597175038814981
E02000558,Islington 005,Islington,492,558.4190214255225,23,8,0.5584190214255225
E02000925,Wandsworth 003,Wandsworth,514,556.2740535140454,26,8,0.5562740535140454
E02000318,Greenwich 006,Greenwich,484,555.9054837462483,24,8,0.5559054837462483
E02000943,Wandsworth 021,Wandsworth,480,555.2777793288866,22,8,0.5552777793288866
E02000957,Wandsworth 035,Wandsworth,488,555.0123843337711,25,8,0.5550123843337711
E02000719,Newham 006,Newham,469,554.0964984823966,25,8,0.5540964984823965
E02000428,Haringey 032,Haringey,490,554.0770559614493,25,8,0.5540770559614493
E02000421,Haringey 025,Haringey,497,553.8703022208097,25,8,0.5538703022208097
E02000388,Hammersmith and Fulham 017,Hammersmith and Fulham,491,553.3669537542107,23,8,0.5533669537542107
E02000123,Brent 031,Brent,518,551.659512667455,24,8,0.551659512667455
E02007112,Tower Hamlets 034,Tower Hamlets,476,550.242478961488,23,8,0.550242478961488
E02000423,Haringey 027,Haringey,491,549.2278558518424,26,8,0.5492278558518424
E02000557,Islington 004,Islington,493,549.1889551302199,25,8,0.5491889551302199
E02000832,Southwark 026,Southwark,479,548.6709489191543,26,8,0.5486709489191542
E02000723,Newham 010,Newham,487,548.4935897708541,25,8,0.548493589770854
E02000745,Newham 032,Newham,485,547.196023705699,23,8,0.547196023705699
E02000722,Newham 009,Newham,456,544.1312595679198,24,8,0.5441312595679197
E02000916,Waltham Forest 022,Waltham Forest,469,544.0755980842372,26,8,0.5440755980842372
E02006993,Greenwich 041,Greenwich,462,543.4576259293414,23,8,0.5434576259293413
E02000918,Waltham Forest 024,Waltham Forest,470,542.4721100185769,25,8,0.542472110018577
E02000764,Redbridge 014,Redbridge,464,541.8753479486243,25,8,0.5418753479486242
E02007111,Hackney 033,Hackney,441,541.8733644550192,22,8,0.5418733644550192
E02000657,Lewisham 005,Lewisham,463,541.5225894369848,25,8,0.5415225894369848
E02000890,Tower Hamlets 027,Tower Hamlets,439,538.8677984213871,24,8,0.5388677984213871
E02000181,Camden 016,Camden,482,537.9093533482072,25,8,0.5379093533482072
E02000175,Camden 010,Camden,483,537.8830346194526,24,8,0.5378830346194526
E02000180,Camden 015,Camden,480,537.7264083549031,22,8,0.5377264083549032
E02000351,Hackney 007,Hackney,471,535.8024609688507,24,8,0.5358024609688508
E02000391,Hammersmith and Fulham 020,Hammersmith and Fulham,471,534.7161241171001,24,8,0.5347161241171001
E02000749,Newham 036,Newham,476,534.1415713797287,24,8,0.5341415713797287
E02000936,Wandsworth 014,Wandsworth,471,532.4893289761898,25,8,0.5324893289761897
E02000876,Tower Hamlets 013,Tower Hamlets,465,530.6930277232356,25,8,0.5306930277232356
E02000645,Lambeth 028,Lambeth,459,529.3112341520085,23,8,0.5293112341520085
E02000185,Camden 020,Camden,501,529.2986864153298,26,8,0.5292986864153298
E02000833,Southwark 027,Southwark,452,528.5434317196242,25,8,0.5285434317196243
E02000917,Waltham Forest 023,Waltham Forest,461,527.9494256264414,25,8,0.5279494256264414
E02006924,Redbridge 035,Redbridge,458,527.1018778795521,25,8,0.5271018778795521
E02000880,Tower Hamlets 017,Tower Hamlets,458,525.6427375799661,24,8,0.5256427375799662
E02000642,Lambeth 025,Lambeth,461,524.3281238937457,25,8,0.5243281238937457
E02000672,Lewisham 020,Lewisham,453,523.7277582378587,25,8,0.5237277582378587
E02000589,Kensington and Chelsea 013,Kensington and Chelsea,480,522.4673929767129,24,8,0.5224673929767129
E02000168,Camden 003,Camden,470,521.5590517603911,25,8,0.5215590517603911
E02000658,Lewisham 006,Lewisham,443,517.8899227669033,22,8,0.5178899227669033
E02000059,Barnet 036,Barnet,469,517.7363626559392,25,8,0.5177363626559391
E02000394,Hammersmith and Fulham 023,Hammersmith and Fulham,483,517.5564618201411,23,8,0.517556461820141
E02000565,Islington 012,Islington,444,517.0611307536589,24,8,0.5170611307536589
E02000757,Redbridge 007,Redbridge,433,516.6457861943597,24,8,0.5166457861943597
E02006953,Barnet 042,Barnet,461,516.5657259887935,23,8,0.5165657259887935
E02000354,Hackney 010,Hackney,442,515.5505350101287,25,8,0.5155505350101287
E02006925,Redbridge 036,Redbridge,452,513.663148807216,25,8,0.513663148807216
E02000962,Westminster 003,Westminster,477,513.6462441394999,22,8,0.5136462441394999
E02000562,Islington 009,Islington,436,513.4009419929137,25,8,0.5134009419929136
E02000865,Tower Hamlets 002,Tower Hamlets,436,512.8895459833707,26,8,0.5128895459833707
E02000651,Lambeth 034,Lambeth,451,512.6815478233808,25,8,0.5126815478233808
E02000940,Wandsworth 018,Wandsworth,450,510.88977062927495,23,8,0.510889770629275
E02006992,Greenwich 040,Greenwich,438,510.6428856583602,22,8,0.5106428856583602
E02000319,Greenwich 007,Greenwich,430,509.56890180032667,24,8,0.5095689018003267
E02006931,Greenwich 038,Greenwich,435,509.3389265090104,24,8,0.5093389265090104
E02000555,Islington 002,Islington,461,508.71604126229346,26,8,0.5087160412622934
E02000644,Lambeth 027,Lambeth,445,507.44059194810586,23,8,0.5074405919481059
E02000634,Lambeth 017,Lambeth,444,507.29031776486335,23,8,0.5072903177648633
E02000654,Lewisham 002,Lewisham,438,506.93051042293104,26,8,0.506930510422931
E02000383,Hammersmith and Fulham 012,Hammersmith and Fulham,484,506.44978158822886,23,8,0.5064497815882288
E02000415,Haringey 019,Haringey,450,505.2613416096439,25,8,0.5052613416096439
E02000403,Haringey 007,Haringey,448,505.17709889087445,25,8,0.5051770988908745
E02000427,Haringey 031,Haringey,445,504.89863102431616,23,8,0.5048986310243162
E02000735,Newham 022,Newham,439,504.1978696933874,25,8,0.5041978696933874
E02000420,Haringey 024,Haringey,450,503.8563756845128,25,8,0.5038563756845128
E02000885,Tower Hamlets 022,Tower Hamlets,437,502.96631310899056,23,8,0.5029663131089905
E02000838,Southwark 032,Southwark,439,502.9004534758086,26,8,0.5029004534758086
E02000922,Waltham Forest 028,Waltham Forest,438,502.22200665494586,26,8,0.5022220066549459
E02000942,Wandsworth 020,Wandsworth,441,501.58901083511864,25,8,0.5015890108351186
E02000584,Kensington and Chelsea 008,Kensington and Chelsea,455,501.51562889718423,20,8,0.5015156288971843
E02000174,Camden 009,Camden,463,500.18464229031866,24,8,0.5001846422903187
E02000585,Kensington and Chelsea 009,Kensington and Chelsea,453,499.6010507276057,24,8,0.4996010507276057
E02000746,Newham 033,Newham,440,499.4605688766012,26,8,0.4994605688766012
E02000350,Hackney 006,Hackney,438,499.32834526581564,24,8,0.49932834526581565
E02000183,Camden 018,Camden,448,498.470618522733,23,8,0.498470618522733
E02000868,Tower Hamlets 005,Tower Hamlets,430,498.19838146744576,25,8,0.49819838146744577
E02000834,Southwark 028,Southwark,423,495.1113105827869,26,8,0.4951113105827869
E02006994,Greenwich 042,Greenwich,432,493.67791030392175,24,8,0.4936779103039218
E02000593,Kensington and Chelsea 017,Kensington and Chelsea,432,490.2413403481227,21,8,0.4902413403481227
E02006800,Redbridge 034,Redbridge,423,490.1671748080651,25,8,0.4901671748080651
E02000582,Kensington and Chelsea 006,Kensington and Chelsea,442,488.91911971004555,21,8,0.48891911971004554
E02000893,Tower Hamlets 030,Tower Hamlets,424,485.28402115545225,23,8,0.48528402115545227
E02000125,Brent 033,Brent,450,484.92947352179397,25,8,0.48492947352179394
E02000346,Hackney 002,Hackney,419,484.817727223616,24,8,0.484817727223616
E02000312,Enfield 036,Enfield,433,484.3260412562782,23,8,0.4843260412562782
E02000055,Barnet 032,Barnet,430,482.72201672298934,24,8,0.4827220167229893
E02000592,Kensington and Chelsea 016,Kensington and Chelsea,431,482.5632086869191,21,8,0.4825632086869191
E02000737,Newham 024,Newham,423,481.26727766108735,25,8,0.48126727766108734
E02000372,Hammersmith and Fulham 001,Hammersmith and Fulham,448,479.6672194082695,25,8,0.4796672194082695
E02000412,Haringey 016,Haringey,435,478.81096199113193,24,8,0.47881096199113193
E02000397,Haringey 001,Haringey,425,478.7861543486501,25,8,0.4787861543486501
E02000554,Islington 001,Islington,423,476.198605700775,25,8,0.476198605700775
E02000967,Westminster 008,Westminster,419,476.14573366743497,21,8,0.47614573366743496
E02000665,Lewisham 013,Lewisham,406,474.3029950549728,24,8,0.4743029950549728
E02000364,Hackney 020,Hackney,405,473.73990981965454,23,8,0.4737399098196545
E02000361,Hackney 017,Hackney,406,473.1500452237525,24,8,0.4731500452237525
E02000660,Lewisham 008,Lewisham,401,471.70158437513936,24,8,0.47170158437513937
E02000579,Kensington and Chelsea 003,Kensington and Chelsea,436,471.20196743101224,25,8,0.4712019674310122
E02000580,Kensington and Chelsea 004,Kensington and Chelsea,429,469.9909782241464,23,8,0.46999097822414637
E02007109,Hackney 031,Hackney,394,467.63031033831885,23,8,0.46763031033831887
E02000131,Bromley 005,Bromley,416,466.76343186965687,25,8,0.46676343186965685
E02000326,Greenwich 014,Greenwich,387,466.55070122720514,25,8,0.46655070122720516
E02000914,Waltham Forest 020,Waltham Forest,410,465.41451928663724,26,8,0.46541451928663724
E02000836,Southwark 030,Southwark,387,463.30012114692494,23,8,0.4633001211469249
E02000937,Wandsworth 015,Wandsworth,406,463.25412195227074,21,8,0.4632541219522707
E02000721,Newham 008,Newham,405,463.20144027140196,24,8,0.463201440271402
E02000252,Ealing 015,Ealing,429,462.61629921608323,25,8,0.4626162992160832
E02000730,Newham 017,Newham,406,462.3107245871769,27,8,0.46231072458717687
E02000126,Brent 034,Brent,429,461.7436133513676,25,8,0.46174361335136765
E02000586,Kensington and Chelsea 010,Kensington and Chelsea,427,461.4214265784157,21,8,0.4614214265784157
E02006954,Barnet 043,Barnet,417,460.54299710760716,24,8,0.46054299710760715
E02000781,Redbridge 031,Redbridge,403,459.9399329872098,25,8,0.45993993298720975
E02000595,Kensington and Chelsea 019,Kensington and Chelsea,409,457.2056138018553,22,8,0.4572056138018553
E02000596,Kensington and Chelsea 020,Kensington and Chelsea,420,456.6418857988364,23,8,0.4566418857988364
E02000170,Camden 005,Camden,407,454.36968483239986,23,8,0.45436968483239987
E02000913,Waltham Forest 019,Waltham Forest,402,454.0293114122548,26,8,0.4540293114122548
E02000739,Newham 026,Newham,406,453.0333773576147,26,8,0.45303337735761473
E02000173,Camden 008,Camden,398,452.8946513710662,24,8,0.45289465137106616
E02000947,Wandsworth 025,Wandsworth,404,452.16094973320526,25,8,0.45216094973320525
E02000905,Waltham Forest 011,Waltham Forest,399,451.1787859689869,26,8,0.4511787859689869
E02000903,Waltham Forest 009,Waltham Forest,403,450.01881923128593,27,8,0.45001881923128595
E02000740,Newham 027,Newham,392,448.0696470785799,26,8,0.44806964707857994
E02000741,Newham 028,Newham,389,447.4609481313745,24,8,0.4474609481313745
E02000669,Lewisham 017,Lewisham,385,447.4029725067596,21,8,0.44740297250675964
E02000938,Wandsworth 016,Wandsworth,415,444.88044928660275,25,8,0.44488044928660275
E02000734,Newham 021,Newham,394,443.71531573448294,23,8,0.4437153157344829
E02000134,Bromley 008,Bromley,368,442.9260202690099,22,8,0.4429260202690099
E02000731,Newham 018,Newham,381,442.5485974944771,25,8,0.4425485974944771
E02000115,Brent 023,Brent,409,441.72410664221667,26,8,0.4417241066422167
E02000384,Hammersmith and Fulham 013,Hammersmith and Fulham,402,440.7904987209382,23,8,0.44079049872093823
E02000116,Brent 024,Brent,412,440.57251158959406,25,8,0.44057251158959404
E02000906,Waltham Forest 012,Waltham Forest,391,439.66444187518294,24,8,0.43966444187518294
E02000061,Barnet 038,Barnet,384,438.6594023609275,23,8,0.43865940236092754
E02000110,Brent 018,Brent,407,438.5025138851854,26,8,0.4385025138851854
E02000009,Barking and Dagenham 008,Barking and Dagenham,379,437.9463976730705,25,8,0.43794639767307053
E02000583,Kensington and Chelsea 007,Kensington and Chelsea,389,437.0382591531421,23,8,0.4370382591531421
E02000169,Camden 004,Camden,378,436.94387917526745,24,8,0.43694387917526745
E02000587,Kensington and Chelsea 011,Kensington and Chelsea,389,436.8252711672622,21,8,0.4368252711672622
E02006991,Greenwich 039,Greenwich,381,436.66728157829607,23,8,0.4366672815782961
E02000171,Camden 006,Camden,386,435.70331069058034,24,8,0.4357033106905803
E02000659,Lewisham 007,Lewisham,377,434.14073606204636,23,8,0.43414073606204634
E02000939,Wandsworth 017,Wandsworth,363,433.9872880775051,23,8,0.43398728807750514
E02000132,Bromley 006,Bromley,371,432.14018009869096,23,8,0.432140180098691
E02007108,Hackney 030,Hackney,368,431.0570110816746,24,8,0.4310570110816746
E02000182,Camden 017,Camden,392,430.99051087846226,23,8,0.43099051087846224
E02000933,Wandsworth 011,Wandsworth,379,430.84648174413195,22,8,0.4308464817441319
E02000561,Islington 008,Islington,375,430.1849883423311,24,8,0.4301849883423311
E02000042,Barnet 019,Barnet,377,428.8598782650712,24,8,0.4288598782650712
E02006918,Hackney 028,Hackney,362,427.8467694897693,23,8,0.4278467694897693
E02000455,Harrow 023,Harrow,376,427.1555328358428,26,8,0.4271555328358428
E02000378,Hammersmith and Fulham 007,Hammersmith and Fulham,397,426.9288849226594,24,8,0.4269288849226594
E02000915,Waltham Forest 021,Waltham Forest,370,426.3975301454445,25,8,0.42639753014544446
E02000577,Kensington and Chelsea 001,Kensington and Chelsea,410,425.735482086767,26,8,0.425735482086767
E02000837,Southwark 031,Southwark,357,424.97610001201406,24,8,0.4249761000120141
E02000960,Westminster 001,Westminster,388,424.1381346531779,24,8,0.42413813465317785
E02000751,Redbridge 001,Redbridge,353,423.6878420289281,22,8,0.4236878420289281
E02000724,Newham 011,Newham,370,423.4266776343577,23,8,0.4234266776343577
E02000729,Newham 016,Newham,362,421.8825007944671,23,8,0.4218825007944671
E02000671,Lewisham 019,Lewisham,363,420.9986711789957,23,8,0.4209986711789957
E02000912,Waltham Forest 018,Waltham Forest,372,419.70144289519186,25,8,0.41970144289519185
E02000003,Barking and Dagenham 002,Barking and Dagenham,356,419.0745868849322,24,8,0.4190745868849322
E02000927,Wandsworth 005,Wandsworth,385,418.6797612855972,24,8,0.4186797612855972
E02000355,Hackney 011,Hackney,369,416.75979318886556,24,8,0.4167597931888656
E02000786,Richmond upon Thames 003,Richmond upon Thames,365,415.2836260668543,24,8,0.4152836260668543
E02000928,Wandsworth 006,Wandsworth,362,414.97420659710593,21,8,0.41497420659710593
E02007008,Lewisham 040,Lewisham,363,414.15232900878607,25,8,0.41415232900878607
E02000951,Wandsworth 029,Wandsworth,361,413.19275294723275,24,8,0.41319275294723273
E02000956,Wandsworth 034,Wandsworth,371,409.860549990535,22,8,0.409860549990535
E02000386,Hammersmith and Fulham 015,Hammersmith and Fulham,385,408.5319726936084,24,8,0.4085319726936084
E02000590,Kensington and Chelsea 014,Kensington and Chelsea,406,407.94112249652846,22,8,0.4079411224965285
E02000432,Haringey 036,Haringey,356,407.91967425287476,25,8,0.40791967425287473
E02000909,Waltham Forest 015,Waltham Forest,360,406.6723578112891,25,8,0.4066723578112891
E02000929,Wandsworth 007,Wandsworth,373,405.32943403998263,22,8,0.4053294340399826
E02000870,Tower Hamlets 007,Tower Hamlets,354,403.3892791565492,26,8,0.4033892791565492
E02000869,Tower Hamlets 006,Tower Hamlets,333,403.2065951049192,22,8,0.4032065951049192
E02000407,Haringey 011,Haringey,364,403.20005282293477,24,8,0.40320005282293475
E02000689,Merton 001,Merton,352,402.6531645662249,23,8,0.4026531645662249
E02000742,Newham 029,Newham,353,402.58918653318676,24,8,0.40258918653318676
E02000017,Barking and Dagenham 016,Barking and Dagenham,350,402.4429568669943,24,8,0.4024429568669943
E02000673,Lewisham 021,Lewisham,346,402.3090606774215,23,8,0.4023090606774215
E02000480,Havering 017,Havering,343,401.6094604218521,24,8,0.4016094604218521
E02000315,Greenwich 003,Greenwich,348,401.31113457544035,26,8,0.4013111345754404
E02000670,Lewisham 018,Lewisham,346,401.26610819430647,24,8,0.40126610819430647
E02000052,Barnet 029,Barnet,360,400.6425587853981,23,8,0.40064255878539806
E02000106,Brent 014,Brent,373,400.23949034829116,24,8,0.40023949034829115
E02000008,Barking and Dagenham 007,Barking and Dagenham,347,399.7692191454689,23,8,0.3997692191454689
E02000782,Redbridge 032,Redbridge,350,399.25663940680613,26,8,0.3992566394068061
E02006998,Newham 041,Newham,350,399.02666528892456,23,8,0.39902666528892455
E02000901,Waltham Forest 007,Waltham Forest,337,398.33919019633095,24,8,0.39833919019633096
E02000662,Lewisham 010,Lewisham,346,397.90464253567376,24,8,0.39790464253567376
E02000381,Hammersmith and Fulham 010,Hammersmith and Fulham,371,397.3219744067689,22,8,0.3973219744067689
E02000422,Haringey 026,Haringey,351,397.29554843926815,25,8,0.3972955484392681
E02000047,Barnet 024,Barnet,359,396.2981507204729,23,8,0.3962981507204729
E02000135,Bromley 009,Bromley,340,395.6598366769884,24,8,0.3956598366769884
E02000122,Brent 030,Brent,373,395.58084975866257,24,8,0.3955808497586626
E02000090,Bexley 026,Bexley,327,394.9491029119104,22,8,0.39494910291191043
E02000661,Lewisham 009,Lewisham,332,393.9243693339363,23,8,0.39392436933393626
E02000049,Barnet 026,Barnet,348,393.5999623107691,24,8,0.3935999623107691
E02000406,Haringey 010,Haringey,369,393.4812360450715,26,8,0.3934812360450715
E02000404,Haringey 008,Haringey,355,393.4291184965032,25,8,0.3934291184965032
E02000176,Camden 011,Camden,341,393.22202948996517,25,8,0.39322202948996515
E02000167,Camden 002,Camden,336,392.1103128989896,23,8,0.3921103128989896
E02000581,Kensington and Chelsea 005,Kensington and Chelsea,370,390.6474977652341,23,8,0.3906474977652341
E02000144,Bromley 018,Bromley,340,390.10869881172516,24,8,0.39010869881172516
E02000732,Newham 019,Newham,346,390.0167643237333,23,8,0.3900167643237333
E02000072,Bexley 008,Bexley,336,389.9130184918144,24,8,0.3899130184918144
E02000389,Hammersmith and Fulham 018,Hammersmith and Fulham,364,389.82175766198094,24,8,0.38982175766198096
E02000674,Lewisham 022,Lewisham,323,388.618319002665,22,8,0.38861831900266497
E02000697,Merton 009,Merton,344,388.30186382837667,24,8,0.38830186382837667
E02000414,Haringey 018,Haringey,340,388.23037280739385,26,8,0.38823037280739386
E02000727,Newham 014,Newham,343,387.9525940345372,24,8,0.3879525940345372
E02000376,Hammersmith and Fulham 005,Hammersmith and Fulham,355,386.4290933467865,22,8,0.3864290933467865
E02000385,Hammersmith and Fulham 014,Hammersmith and Fulham,352,385.95002108079535,22,8,0.38595002108079535
E02000012,Barking and Dagenham 011,Barking and Dagenham,338,385.87862521970203,24,8,0.385878625219702
E02000591,Kensington and Chelsea 015,Kensington and Chelsea,363,385.67945641718563,23,8,0.38567945641718565
E02000356,Hackney 012,Hackney,334,385.5151126349776,23,8,0.38551511263497756
E02000215,Croydon 022,Croydon,340,384.6615620018329,23,8,0.38466156200183294
E02000112,Brent 020,Brent,362,384.4207787835646,24,8,0.38442077878356457
E02000694,Merton 006,Merton,342,383.7915898201592,25,8,0.38379158982015915
E02000728,Newham 015,Newham,340,383.6107211708278,25,8,0.3836107211708278
E02000117,Brent 025,Brent,356,383.10614418247565,25,8,0.3831061441824756
E02000321,Greenwich 009,Greenwich,342,382.70421491913305,24,8,0.38270421491913303
E02000270,Ealing 033,Ealing,349,382.3564594185298,23,8,0.3823564594185298
E02000647,Lambeth 030,Lambeth,331,380.54769433736095,25,8,0.38054769433736096
E02000058,Barnet 035,Barnet,345,380.5408332567477,25,8,0.3805408332567477
E02000714,Newham 001,Newham,335,379.92558946896617,23,8,0.37992558946896615
E02000597,Kensington and Chelsea 021,Kensington and Chelsea,354,377.8138044581026,21,8,0.3778138044581026
E02000133,Bromley 007,Bromley,307,377.28428266950436,22,8,0.37728428266950437
E02000675,Lewisham 023,Lewisham,321,376.3017712487363,23,8,0.3763017712487363
E02000650,Lambeth 033,Lambeth,323,375.83330125029556,24,8,0.37583330125029557
E02000395,Hammersmith and Fulham 024,Hammersmith and Fulham,336,375.73940010112676,20,8,0.3757394001011268
E02000950,Wandsworth 028,Wandsworth,345,375.56616506602876,23,8,0.37556616506602875
E02000093,Brent 001,Brent,340,375.1667721010142,25,8,0.3751667721010142
E02000736,Newham 023,Newham,334,375.10764854656367,25,8,0.37510764854656364
E02000416,Haringey 020,Haringey,329,370.6101996101571,25,8,0.3706101996101571
E02000839,Southwark 033,Southwark,324,370.5193411475239,24,8,0.3705193411475239
E02000080,Bexley 016,Bexley,317,370.09225052167983,22,8,0.3700922505216798
E02000035,Barnet 012,Barnet,322,370.024355215299,24,8,0.37002435521529903
E02000353,Hackney 009,Hackney,318,369.3236978026014,24,8,0.3693236978026014
E02000366,Hackney 022,Hackney,320,367.8727153743525,24,8,0.36787271537435245
E02000311,Enfield 035,Enfield,327,367.45934331754586,23,8,0.3674593433175459
E02000094,Brent 002,Brent,331,366.6264873571157,22,8,0.3666264873571157
E02000213,Croydon 020,Croydon,316,366.5322645873784,25,8,0.3665322645873784
E02000946,Wandsworth 024,Wandsworth,329,365.9185436781476,25,8,0.36591854367814763
E02000073,Bexley 009,Bexley,307,365.588673218823,23,8,0.365588673218823
E02000054,Barnet 031,Barnet,326,365.3825666173387,23,8,0.3653825666173387
E02000375,Hammersmith and Fulham 004,Hammersmith and Fulham,339,365.0870106158024,26,8,0.3650870106158024
E02000430,Haringey 034,Haringey,325,363.83379523722215,26,8,0.36383379523722215
E02000959,Wandsworth 037,Wandsworth,322,361.5519722655674,23,8,0.36155197226556735
E02000390,Hammersmith and Fulham 019,Hammersmith and Fulham,333,361.2530798806268,20,8,0.36125307988062677
E02000130,Bromley 004,Bromley,311,360.81739978442704,23,8,0.36081739978442706
E02000907,Waltham Forest 013,Waltham Forest,334,360.5208663586156,23,8,0.3605208663586156
E02000902,Waltham Forest 008,Waltham Forest,318,360.09991513322774,26,8,0.36009991513322775
E02000835,Southwark 029,Southwark,308,359.8976606153461,24,8,0.3598976606153461
E02000377,Hammersmith and Fulham 006,Hammersmith and Fulham,336,359.35298418868524,25,8,0.3593529841886852
E02006955,Brent 035,Brent,322,358.8135095184552,23,8,0.3588135095184552
E02000056,Barnet 033,Barnet,316,356.8547960207693,24,8,0.3568547960207693
E02000166,Camden 001,Camden,318,356.7418991797445,22,8,0.3567418991797445
E02000022,Barking and Dagenham 021,Barking and Dagenham,306,356.6707995319547,23,8,0.3566707995319547
E02000652,Lambeth 035,Lambeth,311,355.92060331474033,21,8,0.35592060331474035
E02000752,Redbridge 002,Redbridge,308,354.49915226043686,23,8,0.3544991522604369
E02000045,Barnet 022,Barnet,312,353.73695884879794,22,8,0.35373695884879797
E02000194,Croydon 001,Croydon,307,352.9076499727402,23,8,0.3529076499727402
E02000084,Bexley 020,Bexley,293,352.6316785999014,23,8,0.3526316785999014
E02000396,Hammersmith and Fulham 025,Hammersmith and Fulham,322,352.56861650579157,23,8,0.3525686165057916
E02000784,Richmond upon Thames 001,Richmond upon Thames,314,351.7216783484185,22,8,0.3517216783484185
E02000103,Brent 011,Brent,332,351.254491008531,26,8,0.35125449100853096
E02000470,Havering 007,Havering,286,350.7603253837937,21,8,0.3507603253837937
E02000393,Hammersmith and Fulham 022,Hammersmith and Fulham,311,349.94979728597986,21,8,0.34994979728597986
E02000308,Enfield 032,Enfield,316,349.60239179885207,25,8,0.34960239179885205
E02000696,Merton 008,Merton,307,348.9046958778925,24,8,0.34890469587789247
E02000663,Lewisham 011,Lewisham,298,348.6529928112724,22,8,0.3486529928112724
E02000099,Brent 007,Brent,316,347.63558615997283,24,8,0.3476355861599728
E02000331,Greenwich 019,Greenwich,294,347.3170739951895,20,8,0.3473170739951895
E02000952,Wandsworth 030,Wandsworth,302,347.20362576328995,24,8,0.34720362576328995
E02000476,Havering 013,Havering,301,347.14560920628134,23,8,0.34714560920628135
E02006882,Harrow 033,Harrow,316,346.4388682527506,26,8,0.34643886825275055
E02000305,Enfield 029,Enfield,306,345.7714555295963,24,8,0.3457714555295963
E02000748,Newham 035,Newham,302,345.7625970667951,25,8,0.3457625970667951
E02000408,Haringey 012,Haringey,305,345.6969202142654,25,8,0.3456969202142654
E02000217,Croydon 024,Croydon,314,345.5998306654466,26,8,0.3455998306654466
E02000038,Barnet 015,Barnet,312,344.9625513017631,23,8,0.34496255130176307
E02000953,Wandsworth 031,Wandsworth,298,344.828248437265,25,8,0.344828248437265
E02000119,Brent 027,Brent,320,342.601780969741,24,8,0.34260178096974103
E02000666,Lewisham 014,Lewisham,299,342.53139406248533,25,8,0.34253139406248534
E02000063,Barnet 040,Barnet,316,342.3852497306477,22,8,0.34238524973064766
E02000014,Barking and Dagenham 013,Barking and Dagenham,300,342.3390001062325,24,8,0.3423390001062325
E02000787,Richmond upon Thames 004,Richmond upon Thames,296,342.0978747677484,20,8,0.3420978747677484
E02000720,Newham 007,Newham,311,341.43196778858396,26,8,0.341431967788584
E02000362,Hackney 018,Hackney,295,340.5960384387528,25,8,0.3405960384387528
E02000200,Croydon 007,Croydon,301,339.66813814469407,22,8,0.33966813814469404
E02000079,Bexley 015,Bexley,280,339.2588016031841,21,8,0.3392588016031841
E02000082,Bexley 018,Bexley,281,337.9286518135266,22,8,0.3379286518135266
E02000328,Greenwich 016,Greenwich,291,337.72980954453567,24,8,0.3377298095445357
E02000779,Redbridge 029,Redbridge,293,336.57472148161924,25,8,0.3365747214816192
E02000083,Bexley 019,Bexley,283,336.07353335646366,21,8,0.33607353335646367
E02000413,Haringey 017,Haringey,295,333.69521168734553,25,8,0.33369521168734556
E02006987,Croydon 046,Croydon,287,333.5930223336517,23,8,0.3335930223336517
E02000767,Redbridge 017,Redbridge,287,333.068866020618,23,8,0.33306886602061797
E02000904,Waltham Forest 010,Waltham Forest,296,332.98840126627226,24,8,0.33298840126627227
E02000337,Greenwich 025,Greenwich,289,332.8563290271994,24,8,0.3328563290271994
E02000770,Redbridge 020,Redbridge,294,332.4293151020179,24,8,0.3324293151020179
E02000426,Haringey 030,Haringey,289,331.7156131654456,22,8,0.33171561316544557
E02000944,Wandsworth 022,Wandsworth,299,331.14019679706183,24,8,0.33114019679706186
E02000262,Ealing 025,Ealing,302,331.00820567600783,21,8,0.33100820567600786
E02000717,Newham 004,Newham,294,330.9869960208526,24,8,0.3309869960208526
E02000095,Brent 003,Brent,294,330.54035814236784,26,8,0.3305403581423678
E02000705,Merton 017,Merton,302,330.3198277360131,24,8,0.3303198277360131
E02000179,Camden 014,Camden,302,330.1415812098335,25,8,0.3301415812098335
E02000018,Barking and Dagenham 017,Barking and Dagenham,294,330.0855809814167,26,8,0.33008558098141666
E02000543,Hounslow 018,Hounslow,303,329.97645594055837,22,8,0.32997645594055836
E02000773,Redbridge 023,Redbridge,284,329.5738416419489,24,8,0.32957384164194886
E02000374,Hammersmith and Fulham 003,Hammersmith and Fulham,307,329.55733505372706,24,8,0.3295573350537271
E02000400,Haringey 004,Haringey,300,329.3718616139132,25,8,0.3293718616139132
E02000064,Barnet 041,Barnet,296,329.162721719722,25,8,0.329162721719722
E02000431,Haringey 035,Haringey,282,328.926114083704,25,8,0.32892611408370404
E02000309,Enfield 033,Enfield,298,328.2710499195213,26,8,0.32827104991952133
E02000475,Havering 012,Havering,266,326.7613067985148,21,8,0.3267613067985148
E02000357,Hackney 013,Hackney,283,326.73074405556366,22,8,0.3267307440555637
E02000333,Greenwich 021,Greenwich,276,326.2881196321764,21,8,0.3262881196321764
E02000526,Hounslow 001,Hounslow,304,326.0857885401954,23,8,0.3260857885401954
E02000067,Bexley 003,Bexley,279,323.4561951360153,24,8,0.3234561951360153
E02000005,Barking and Dagenham 004,Barking and Dagenham,271,322.9445484646148,25,8,0.3229445484646148
E02000050,Barnet 027,Barnet,288,321.9518342709211,25,8,0.3219518342709211
E02006794,Haringey 037,Haringey,292,321.7873882459589,24,8,0.32178738824595887
E02000668,Lewisham 016,Lewisham,274,321.76510122551093,22,8,0.32176510122551094
E02000317,Greenwich 005,Greenwich,278,320.29162472309895,22,8,0.32029162472309897
E02000019,Barking and Dagenham 018,Barking and Dagenham,273,320.2312403947104,23,8,0.3202312403947104
E02000206,Croydon 013,Croydon,283,320.16192490923044,22,8,0.32016192490923046
E02000051,Barnet 028,Barnet,281,320.1102520582941,23,8,0.32011025205829413
E02000417,Haringey 021,Haringey,275,319.54365010076054,22,8,0.3195436501007605
E02000091,Bexley 027,Bexley,265,319.48600720025894,22,8,0.31948600720025894
E02006786,Greenwich 033,Greenwich,279,319.1901091899443,22,8,0.3191901091899443
E02000540,Hounslow 015,Hounslow,288,318.07298641662203,21,8,0.318072986416622
E02000040,Barnet 017,Barnet,279,317.8221982367305,22,8,0.3178221982367305
E02000324,Greenwich 012,Greenwich,275,317.64797927650153,22,8,0.3176479792765015
E02000105,Brent 013,Brent,293,317.26087066875886,25,8,0.31726087066875885
E02000700,Merton 012,Merton,279,315.77572906655143,24,8,0.31577572906655144
E02000774,Redbridge 024,Redbridge,273,314.5576809275167,24,8,0.3145576809275167
E02000264,Ealing 027,Ealing,286,314.5117805657511,24,8,0.31451178056575113
E02006799,Barking and Dagenham 023,Barking and Dagenham,271,314.3838240540686,22,8,0.3143838240540686
E02000010,Barking and Dagenham 009,Barking and Dagenham,271,314.1061303569787,24,8,0.3141061303569787
E02000127,Bromley 001,Bromley,271,313.43458117136146,23,8,0.31343458117136147
E02000479,Havering 016,Havering,259,313.3703479389057,23,8,0.31337034793890567
E02000077,Bexley 013,Bexley,266,313.35508221523924,20,8,0.3133550822152392
E02000424,Haringey 028,Haringey,271,312.9495418550971,23,8,0.3129495418550971
E02000648,Lambeth 031,Lambeth,279,312.9304986722899,23,8,0.3129304986722899
E02000121,Brent 029,Brent,302,312.5621903237752,25,8,0.3125621903237752
E02000111,Brent 019,Brent,302,311.92593246820815,25,8,0.31192593246820816
E02000060,Barnet 037,Barnet,281,311.19404791166323,24,8,0.3111940479116632
E02000046,Barnet 023,Barnet,274,310.39076258640375,25,8,0.31039076258640375
E02000057,Barnet 034,Barnet,280,309.9650609880793,23,8,0.3099650609880793
E02000452,Harrow 020,Harrow,269,309.5432315071915,23,8,0.3095432315071915
E02000473,Havering 010,Havering,252,308.7711283092841,21,8,0.3087711283092841
E02000048,Barnet 025,Barnet,270,308.3041508165068,24,8,0.3083041508165068
E02000382,Hammersmith and Fulham 011,Hammersmith and Fulham,284,308.08416533037695,21,8,0.30808416533037697
E02000676,Lewisham 024,Lewisham,260,306.57714900802523,22,8,0.30657714900802524
E02006956,Brent 036,Brent,278,306.43197205646464,23,8,0.30643197205646466
E02000681,Lewisham 029,Lewisham,261,305.6762681742417,22,8,0.3056762681742417
E02000195,Croydon 002,Croydon,265,304.4831115493887,23,8,0.3044831115493887
E02000197,Croydon 004,Croydon,273,302.6870595724953,23,8,0.3026870595724953
E02000146,Bromley 020,Bromley,261,302.4704543722037,22,8,0.30247045437220366
E02000711,Merton 023,Merton,269,302.4298494730931,24,8,0.3024298494730931
E02000138,Bromley 012,Bromley,257,301.32193893018115,19,8,0.30132193893018117
E02000296,Enfield 020,Enfield,268,301.31501836393596,22,8,0.301315018363936
E02000685,Lewisham 033,Lewisham,264,301.29605737154526,22,8,0.30129605737154525
E02000379,Hammersmith and Fulham 008,Hammersmith and Fulham,278,301.14008914840554,25,8,0.3011400891484055
E02000013,Barking and Dagenham 012,Barking and Dagenham,264,300.1698093803797,25,8,0.30016980938037974
E02000065,Bexley 001,Bexley,259,299.97020331552915,24,8,0.29997020331552915
E02000692,Merton 004,Merton,253,299.92742841280415,20,8,0.2999274284128041
E02000352,Hackney 008,Hackney,251,299.84871669348547,23,8,0.29984871669348545
E02000429,Haringey 033,Haringey,260,299.50492705824485,21,8,0.29950492705824483
E02000680,Lewisham 028,Lewisham,259,298.58566796238716,22,8,0.29858566796238717
E02000340,Greenwich 028,Greenwich,264,298.28660801355613,22,8,0.2982866080135561
E02000955,Wandsworth 033,Wandsworth,261,297.7252869127173,25,8,0.2977252869127173
E02000359,Hackney 015,Hackney,261,297.6893338841749,24,8,0.2976893338841749
E02000718,Newham 005,Newham,257,297.5576760246675,23,8,0.2975576760246675
E02000137,Bromley 011,Bromley,254,296.33148224378823,23,8,0.29633148224378825
E02000007,Barking and Dagenham 006,Barking and Dagenham,259,295.97034736196383,26,8,0.2959703473619638
E02000398,Haringey 002,Haringey,265,294.93762572899044,24,8,0.29493762572899046
E02000036,Barnet 013,Barnet,260,293.9537283891713,21,8,0.29395372838917133
E02000704,Merton 016,Merton,252,293.8338601512983,23,8,0.2938338601512983
E02000156,Bromley 030,Bromley,246,293.5306671857977,21,8,0.29353066718579773
E02000954,Wandsworth 032,Wandsworth,255,293.3955183497215,25,8,0.2933955183497215
E02000401,Haringey 005,Haringey,259,292.8268844677534,22,8,0.2928268844677534
E02000256,Ealing 019,Ealing,270,291.96239830250454,23,8,0.29196239830250453
E02000691,Merton 003,Merton,250,291.8585447241347,21,8,0.2918585447241347
E02000101,Brent 009,Brent,273,291.8282379697185,22,8,0.29182823796971846
E02000765,Redbridge 015,Redbridge,253,291.7657084245127,24,8,0.2917657084245127
E02000089,Bexley 025,Bexley,244,291.50045742550043,20,8,0.2915004574255004
E02000667,Lewisham 015,Lewisham,250,291.0452070044999,24,8,0.2910452070044999
E02000373,Hammersmith and Fulham 002,Hammersmith and Fulham,268,290.3523379469433,24,8,0.2903523379469433
E02000118,Brent 026,Brent,268,290.21524514533587,21,8,0.29021524514533587
E02000066,Bexley 002,Bexley,251,289.76224488514833,24,8,0.28976224488514835
E02000024,Barnet 001,Barnet,256,289.5170076374658,24,8,0.2895170076374658
E02000062,Barnet 039,Barnet,272,289.0883599038147,25,8,0.2890883599038147
E02000701,Merton 013,Merton,261,287.64918828763274,24,8,0.28764918828763275
E02006792,Hounslow 029,Hounslow,273,287.2253367828199,22,8,0.2872253367828199
E02007019,Redbridge 039,Redbridge,245,287.19604356212386,21,8,0.28719604356212386
E02000320,Greenwich 008,Greenwich,250,286.5073677661548,25,8,0.2865073677661548
E02000409,Haringey 013,Haringey,254,286.2570202158875,24,8,0.2862570202158875
E02000387,Hammersmith and Fulham 016,Hammersmith and Fulham,265,286.227962014944,23,8,0.286227962014944
E02000679,Lewisham 027,Lewisham,246,285.82683640318066,23,8,0.2858268364031807
E02000485,Havering 022,Havering,231,283.7538428300371,23,8,0.28375384283003713
E02000477,Havering 014,Havering,233,283.0536323983138,21,8,0.2830536323983138
E02000265,Ealing 028,Ealing,258,282.0227752817012,22,8,0.28202277528170117
E02006785,Bexley 029,Bexley,239,281.2982123385705,22,8,0.2812982123385705
E02000683,Lewisham 031,Lewisham,246,280.8362454035692,23,8,0.2808362454035692
E02000695,Merton 007,Merton,252,280.779145643292,24,8,0.280779145643292
E02000686,Lewisham 034,Lewisham,240,280.5815463935509,23,8,0.28058154639355093
E02006968,Ealing 041,Ealing,255,280.1668056061064,23,8,0.2801668056061064
E02000785,Richmond upon Thames 002,Richmond upon Thames,244,279.868404781855,21,8,0.27986840478185504
E02000021,Barking and Dagenham 020,Barking and Dagenham,236,279.7102241089319,23,8,0.2797102241089319
E02000335,Greenwich 023,Greenwich,242,278.8180948895635,22,8,0.2788180948895635
E02000410,Haringey 014,Haringey,246,277.84686531843755,24,8,0.27784686531843755
E02000763,Redbridge 013,Redbridge,237,277.7391533450251,23,8,0.2777391533450251
E02000199,Croydon 006,Croydon,245,276.3896861963824,24,8,0.2763896861963824
E02000238,Ealing 001,Ealing,259,275.9553092107953,24,8,0.2759553092107953
E02000332,Greenwich 020,Greenwich,241,275.1975468224531,23,8,0.27519754682245307
E02000687,Lewisham 035,Lewisham,238,275.16142018182285,23,8,0.2751614201818228
E02000434,Harrow 002,Harrow,247,274.0918760655869,23,8,0.27409187606558694
E02000198,Croydon 005,Croydon,248,273.95216617174117,21,8,0.2739521661717412
E02000682,Lewisham 030,Lewisham,243,273.3356254691995,22,8,0.2733356254691995
E02000760,Redbridge 010,Redbridge,233,273.22893538361785,23,8,0.27322893538361787
E02000108,Brent 016,Brent,255,273.020072271904,25,8,0.273020072271904
E02000097,Brent 005,Brent,256,272.838061818173,25,8,0.272838061818173
E02000402,Haringey 006,Haringey,235,272.6716127336857,22,8,0.27267161273368573
E02000489,Havering 026,Havering,232,272.45409241180454,23,8,0.2724540924118045
E02000754,Redbridge 004,Redbridge,231,271.8298705805162,23,8,0.27182987058051616
E02000776,Redbridge 026,Redbridge,228,271.5136109354293,25,8,0.2715136109354293
E02000139,Bromley 013,Bromley,229,270.47158996065787,21,8,0.27047158996065784
E02000201,Croydon 008,Croydon,229,270.2404524920489,22,8,0.2702404524920489
E02000341,Greenwich 029,Greenwich,230,269.0448910829767,24,8,0.2690448910829767
E02000486,Havering 023,Havering,223,268.70805245649996,21,8,0.2687080524565
E02000033,Barnet 010,Barnet,233,268.6086962511486,24,8,0.26860869625114864
E02000034,Barnet 011,Barnet,239,268.5477312828362,22,8,0.2685477312828362
E02000380,Hammersmith and Fulham 009,Hammersmith and Fulham,240,267.54556323339847,21,8,0.26754556323339845
E02000958,Wandsworth 036,Wandsworth,235,267.47906293862883,23,8,0.26747906293862883
E02000896,Waltham Forest 002,Waltham Forest,224,266.7573227449436,21,8,0.2667573227449436
E02000491,Havering 028,Havering,228,266.5608451596997,23,8,0.2665608451596997
E02006791,Ealing 040,Ealing,241,265.6363240235481,25,8,0.26563632402354814
E02006782,Bromley 040,Bromley,226,265.39462973934224,21,8,0.26539462973934225
E02000601,Kingston upon Thames 004,Kingston upon Thames,230,265.0827715953626,19,8,0.2650827715953626
E02000142,Bromley 016,Bromley,228,264.1185979764154,23,8,0.2641185979764154
E02000334,Greenwich 022,Greenwich,226,263.7589774139332,20,8,0.2637589774139332
E02000202,Croydon 009,Croydon,238,263.56098109111446,24,8,0.2635609810911145
E02000128,Bromley 002,Bromley,227,263.2903620779183,24,8,0.2632903620779183
E02000699,Merton 011,Merton,228,263.0810341909021,20,8,0.26308103419090206
E02000753,Redbridge 003,Redbridge,231,262.8172351802375,22,8,0.26281723518023753
E02000023,Barking and Dagenham 022,Barking and Dagenham,230,262.4573319092526,24,8,0.26245733190925263
E02000678,Lewisham 026,Lewisham,224,262.15305368460537,23,8,0.26215305368460534
E02000196,Croydon 003,Croydon,230,261.7488279692679,22,8,0.2617488279692679
E02000712,Merton 024,Merton,232,261.7193091859508,23,8,0.2617193091859508
E02000081,Bexley 017,Bexley,215,261.3660984342123,23,8,0.26136609843421227
E02000304,Enfield 028,Enfield,222,261.3399564689627,23,8,0.26133995646896274
E02000075,Bexley 011,Bexley,210,261.2587166433795,23,8,0.2612587166433795
E02000248,Ealing 011,Ealing,233,260.874601163807,23,8,0.26087460116380695
E02000327,Greenwich 015,Greenwich,224,260.517285802226,22,8,0.260517285802226
E02000344,Greenwich 032,Greenwich,216,259.2465772008901,22,8,0.2592465772008901
E02006787,Bromley 041,Bromley,223,259.04685540293593,21,8,0.2590468554029359
E02000085,Bexley 021,Bexley,219,258.857071515283,23,8,0.258857071515283
E02000772,Redbridge 022,Redbridge,226,258.84954899253205,24,8,0.25884954899253204
E02000307,Enfield 031,Enfield,227,257.7127424344252,24,8,0.2577127424344252
E02000087,Bexley 023,Bexley,209,256.83138291005287,20,8,0.25683138291005286
E02000044,Barnet 021,Barnet,228,256.6948617051075,22,8,0.25669486170510747
E02000425,Haringey 029,Haringey,227,256.63297802305175,20,8,0.25663297802305174
E02000269,Ealing 032,Ealing,235,256.54553653964416,22,8,0.2565455365396442
E02000291,Enfield 015,Enfield,222,255.5247263734734,22,8,0.2555247263734734
E02000708,Merton 020,Merton,220,255.4571895081194,19,8,0.2554571895081194
E02000716,Newham 003,Newham,232,254.89130531859504,24,8,0.25489130531859505
E02007018,Redbridge 038,Redbridge,216,254.7956510493805,25,8,0.2547956510493805
E02000043,Barnet 020,Barnet,217,254.5223088641589,20,8,0.2545223088641589
E02000239,Ealing 002,Ealing,231,254.33010531728974,23,8,0.2543301053172897
E02000531,Hounslow 006,Hounslow,230,253.78984416397418,24,8,0.25378984416397415
E02007017,Redbridge 037,Redbridge,215,253.3086917492749,25,8,0.2533086917492749
E02000472,Havering 009,Havering,207,252.98798211112114,22,8,0.25298798211112117
E02000900,Waltham Forest 006,Waltham Forest,217,252.904448224337,23,8,0.252904448224337
E02000606,Kingston upon Thames 009,Kingston upon Thames,218,252.89906428172793,23,8,0.2528990642817279
E02000015,Barking and Dagenham 014,Barking and Dagenham,214,252.60870573515336,22,8,0.25260870573515337
E02000442,Harrow 010,Harrow,227,252.23432111038494,25,8,0.25223432111038496
E02000843,Sutton 004,Sutton,224,251.2252740163916,22,8,0.2512252740163916
E02000031,Barnet 008,Barnet,217,251.14627711401607,22,8,0.25114627711401605
E02000255,Ealing 018,Ealing,220,250.733438060156,21,8,0.250733438060156
E02000897,Waltham Forest 003,Waltham Forest,210,249.03441787734732,22,8,0.2490344178773473
E02000268,Ealing 031,Ealing,234,248.80694859721964,23,8,0.24880694859721963
E02000276,Ealing 039,Ealing,225,248.4794569475824,22,7,0.24847945694758242
E02000706,Merton 018,Merton,222,248.21497312938968,23,8,0.24821497312938967
E02006783,Lewisham 037,Lewisham,215,248.0403576110221,22,8,0.2480403576110221
E02000677,Lewisham 025,Lewisham,210,246.31077860549,22,8,0.24631077860549
E02000313,Greenwich 001,Greenwich,212,246.0190651451102,24,8,0.2460190651451102
E02000141,Bromley 015,Bromley,217,245.47706954875426,23,8,0.24547706954875426
E02000161,Bromley 035,Bromley,200,245.42071674173226,20,8,0.24542071674173227
E02000279,Enfield 003,Enfield,214,245.05681158603844,24,8,0.24505681158603843
E02006969,Ealing 042,Ealing,227,244.5744554124226,24,8,0.2445744554124226
E02000533,Hounslow 008,Hounslow,227,244.1114826829041,19,8,0.24411148268290409
E02000851,Sutton 012,Sutton,219,244.0947397788828,22,8,0.2440947397788828
E02000069,Bexley 005,Bexley,206,243.34612706657097,22,8,0.24334612706657097
E02000578,Kensington and Chelsea 002,Kensington and Chelsea,227,242.5183080436552,24,8,0.2425183080436552
E02000537,Hounslow 012,Hounslow,223,242.4794643142858,21,8,0.2424794643142858
E02000151,Bromley 025,Bromley,200,242.4682923292509,20,8,0.24246829232925088
E02000715,Newham 002,Newham,211,241.98341025800266,21,8,0.24198341025800266
E02000490,Havering 027,Havering,199,241.73441994614507,22,8,0.24173441994614506
E02000037,Barnet 014,Barnet,214,241.55273668546238,23,8,0.24155273668546237
E02000068,Bexley 004,Bexley,209,241.48362617813694,20,8,0.24148362617813696
E02000070,Bexley 006,Bexley,211,241.33124263065866,21,8,0.24133124263065867
E02000140,Bromley 014,Bromley,207,241.27301292781436,21,8,0.24127301292781436
E02000474,Havering 011,Havering,200,241.1859677136573,22,8,0.2411859677136573
E02000088,Bexley 024,Bexley,205,241.02415126043903,21,8,0.24102415126043902
E02000762,Redbridge 012,Redbridge,206,240.95698732810868,24,8,0.2409569873281087
E02006793,Enfield 037,Enfield,208,240.74569309925923,21,8,0.24074569309925922
E02000788,Richmond upon Thames 005,Richmond upon Thames,211,240.58399865543026,21,8,0.24058399865543026
E02000208,Croydon 015,Croydon,216,240.16232817041288,26,8,0.2401623281704129
E02000532,Hounslow 007,Hounslow,217,239.89817510910962,21,8,0.23989817510910963
E02000258,Ealing 021,Ealing,219,239.678167136736,23,8,0.23967816713673598
E02000483,Havering 020,Havering,200,239.461130594989,21,8,0.239461130594989
E02000025,Barnet 002,Barnet,216,239.35701339064013,23,8,0.23935701339064014
E02000204,Croydon 011,Croydon,208,239.30918778131777,21,8,0.23930918778131777
E02000347,Hackney 003,Hackney,208,239.10561568052384,20,8,0.23910561568052385
E02007020,Redbridge 040,Redbridge,208,239.07148017188968,25,8,0.23907148017188967
E02000343,Greenwich 031,Greenwich,205,238.96672778183523,23,8,0.23896672778183523
E02000342,Greenwich 030,Greenwich,203,238.70359020661536,24,8,0.23870359020661536
E02000230,Croydon 037,Croydon,209,238.17262143760667,23,8,0.23817262143760667
E02000301,Enfield 025,Enfield,212,237.61597581976466,22,8,0.23761597581976465
E02000702,Merton 014,Merton,222,237.43091002860632,21,8,0.2374309100286063
E02000703,Merton 015,Merton,206,236.59213022102895,22,8,0.23659213022102896
E02000297,Enfield 021,Enfield,202,235.83662312170878,23,8,0.23583662312170878
E02000041,Barnet 018,Barnet,216,235.75696635739473,22,8,0.23575696635739474
E02000032,Barnet 009,Barnet,200,235.60963278648492,22,8,0.23560963278648492
E02000439,Harrow 007,Harrow,210,235.37896077650197,22,8,0.23537896077650197
E02000329,Greenwich 017,Greenwich,200,234.36685435746566,24,8,0.23436685435746565
E02000098,Brent 006,Brent,212,233.16352702592084,22,8,0.23316352702592083
E02000899,Waltham Forest 005,Waltham Forest,205,232.9209361249476,25,8,0.23292093612494758
E02000104,Brent 012,Brent,218,232.4596478180635,24,8,0.2324596478180635
E02000207,Croydon 014,Croydon,205,231.52829530817877,22,8,0.23152829530817878
E02000078,Bexley 014,Bexley,200,231.39319552864492,22,8,0.23139319552864493
E02000495,Hillingdon 002,Hillingdon,209,231.15458251249564,24,8,0.23115458251249563
E02000898,Waltham Forest 004,Waltham Forest,195,230.95851812817767,25,8,0.23095851812817766
E02000433,Harrow 001,Harrow,203,230.6336916617675,22,8,0.2306336916617675
E02000405,Haringey 009,Haringey,201,229.99526690034844,24,8,0.22999526690034844
E02000222,Croydon 029,Croydon,205,229.8224022985461,22,8,0.2298224022985461
E02000488,Havering 025,Havering,195,229.79612604113797,21,8,0.22979612604113797
E02000484,Havering 021,Havering,197,229.6764683990673,21,7,0.2296764683990673
E02000542,Hounslow 017,Hounslow,202,229.45284384473268,23,8,0.2294528438447327
E02000298,Enfield 022,Enfield,195,228.91494701169026,23,8,0.22891494701169027
E02000299,Enfield 023,Enfield,201,228.61753877832774,23,8,0.22861753877832774
E02000271,Ealing 034,Ealing,202,227.4826519641222,19,8,0.2274826519641222
E02006784,Lewisham 038,Lewisham,199,227.3515870601092,21,8,0.22735158706010922
E02000154,Bromley 028,Bromley,194,226.80812810466875,20,8,0.22680812810466874
E02000216,Croydon 023,Croydon,196,226.64951554488061,23,8,0.2266495155448806
E02000030,Barnet 007,Barnet,197,226.63641764932117,21,8,0.2266364176493212
E02000348,Hackney 004,Hackney,197,226.62619063573422,23,8,0.22662619063573422
E02000300,Enfield 024,Enfield,195,226.1332969895537,24,8,0.2261332969895537
E02000295,Enfield 019,Enfield,199,226.092080121127,23,8,0.226092080121127
E02000456,Harrow 024,Harrow,197,225.84029021333149,23,8,0.2258402902133315
E02000096,Brent 004,Brent,197,225.7324708293679,23,8,0.22573247082936793
E02000086,Bexley 022,Bexley,191,225.58992308637963,21,8,0.22558992308637962
E02000945,Wandsworth 023,Wandsworth,218,224.8788369155188,23,8,0.2248788369155188
E02000459,Harrow 027,Harrow,208,224.51943489610292,24,8,0.22451943489610293
E02000240,Ealing 003,Ealing,198,224.3396207343134,23,8,0.2243396207343134
E02000465,Havering 002,Havering,187,224.11036803798658,20,7,0.22411036803798656
E02000203,Croydon 010,Croydon,203,223.7928399512038,23,8,0.2237928399512038
E02006921,Hackney 029,Hackney,194,222.88493605302799,23,8,0.22288493605302798
E02000011,Barking and Dagenham 010,Barking and Dagenham,196,222.70730048783594,25,8,0.22270730048783594
E02000288,Enfield 012,Enfield,207,222.29122601281927,22,8,0.22229122601281925
E02000113,Brent 021,Brent,208,221.57779920088518,23,8,0.2215777992008852
E02000481,Havering 018,Havering,179,221.40964147694123,20,8,0.22140964147694123
E02000306,Enfield 030,Enfield,198,221.28036990668284,21,7,0.22128036990668284
E02000604,Kingston upon Thames 007,Kingston upon Thames,195,221.2699317622997,22,8,0.2212699317622997
E02000698,Merton 010,Merton,192,221.23976929169297,21,8,0.22123976929169298
E02000149,Bromley 023,Bromley,187,221.1072929280944,20,7,0.22110729292809442
E02000102,Brent 010,Brent,209,220.92103382194878,25,8,0.22092103382194878
E02000791,Richmond upon Thames 008,Richmond upon Thames,187,220.35329487099702,23,8,0.22035329487099703
E02000210,Croydon 017,Croydon,195,219.88592818756737,23,8,0.2198859281875674
E02000710,Merton 022,Merton,199,219.87663333625463,24,8,0.21987663333625462
E02000244,Ealing 007,Ealing,197,219.61908410674724,21,8,0.21961908410674724
E02000783,Redbridge 033,Redbridge,199,219.2263087049467,22,8,0.2192263087049467
E02000039,Barnet 016,Barnet,191,218.5030808378802,21,8,0.2185030808378802
E02000857,Sutton 018,Sutton,193,218.47475572261405,20,8,0.21847475572261404
E02000539,Hounslow 014,Hounslow,198,218.3797433914076,23,8,0.2183797433914076
E02000443,Harrow 011,Harrow,196,217.990318955654,23,8,0.21799031895565402
E02000074,Bexley 010,Bexley,190,217.90089000666597,22,8,0.217900890006666
E02006796,Hillingdon 033,Hillingdon,195,217.83181445168367,22,8,0.21783181445168368
E02000467,Havering 004,Havering,181,217.59736494646236,20,8,0.21759736494646237
E02000145,Bromley 019,Bromley,185,217.4558673537053,20,8,0.21745586735370528
E02000445,Harrow 013,Harrow,202,216.9452457966428,25,8,0.21694524579664282
E02000487,Havering 024,Havering,167,216.27991414205908,17,7,0.21627991414205908
E02000153,Bromley 027,Bromley,183,216.24857466445644,19,8,0.21624857466445643
E02000100,Brent 008,Brent,196,215.51242626412935,22,8,0.21551242626412934
E02000147,Bromley 021,Bromley,180,215.083285854823,23,8,0.215083285854823
E02000224,Croydon 031,Croydon,190,214.85587157638142,23,8,0.21485587157638142
E02000449,Harrow 017,Harrow,193,213.98942000435906,20,8,0.21398942000435905
E02000461,Harrow 029,Harrow,190,213.03540519881818,22,8,0.2130354051988182
E02000418,Haringey 022,Haringey,185,212.84844834559686,22,8,0.21284844834559685
E02000157,Bromley 031,Bromley,177,212.68197307332684,21,8,0.21268197307332684
E02000027,Barnet 004,Barnet,188,211.46520516177569,23,8,0.2114652051617757
E02000845,Sutton 006,Sutton,183,210.32161522480993,20,8,0.21032161522480994
E02000029,Barnet 006,Barnet,190,210.27185700801098,23,8,0.210271857008011
E02000286,Enfield 010,Enfield,175,210.09290423558818,20,8,0.21009290423558818
E02000482,Havering 019,Havering,167,210.00230843062792,20,8,0.21000230843062792
E02000284,Enfield 008,Enfield,184,209.9965342671999,22,8,0.2099965342671999
E02000502,Hillingdon 009,Hillingdon,185,209.88444463918324,20,8,0.20988444463918324
E02006988,Croydon 047,Croydon,183,209.59133579413432,24,8,0.20959133579413433
E02000768,Redbridge 018,Redbridge,170,209.3945606818385,20,8,0.2093945606818385
E02000243,Ealing 006,Ealing,194,209.2916993435237,23,8,0.2092916993435237
E02000493,Havering 030,Havering,175,208.93293372860794,20,8,0.20893293372860794
E02000453,Harrow 021,Harrow,180,208.6638269511467,18,8,0.20866382695114669
E02000440,Harrow 008,Harrow,178,208.0137826346829,24,8,0.2080137826346829
E02000935,Wandsworth 013,Wandsworth,189,207.62559587256158,24,8,0.20762559587256157
E02000221,Croydon 028,Croydon,178,207.29945226404166,20,8,0.20729945226404167
E02000339,Greenwich 027,Greenwich,175,207.1907111360208,18,8,0.2071907111360208
E02000345,Hackney 001,Hackney,180,206.9513024709591,22,8,0.20695130247095908
E02000071,Bexley 007,Bexley,171,206.06072130504577,20,8,0.20606072130504577
E02000004,Barking and Dagenham 003,Barking and Dagenham,169,205.9417570837086,20,8,0.2059417570837086
E02006788,Croydon 045,Croydon,180,205.45788653366563,23,8,0.20545788653366562
E02000805,Richmond upon Thames 022,Richmond upon Thames,180,205.25362901652235,22,8,0.20525362901652236
E02000850,Sutton 011,Sutton,180,205.10227953538126,21,8,0.20510227953538127
E02000471,Havering 008,Havering,160,204.98633825366295,17,7,0.20498633825366294
E02000758,Redbridge 008,Redbridge,175,204.6960386586069,22,8,0.20469603865860692
E02000267,Ealing 030,Ealing,184,203.59264413533185,24,8,0.20359264413533185
E02000163,Bromley 037,Bromley,169,203.32094044392556,19,8,0.20332094044392557
E02000152,Bromley 026,Bromley,168,202.10659057311798,22,8,0.20210659057311797
E02000707,Merton 019,Merton,184,201.4988093714487,23,8,0.20149880937144868
E02000840,Sutton 001,Sutton,179,201.37046601001947,21,8,0.20137046601001948
E02000148,Bromley 022,Bromley,170,201.32496315392075,21,8,0.20132496315392076
E02000709,Merton 021,Merton,179,199.04483845384732,22,8,0.19904483845384732
E02000503,Hillingdon 010,Hillingdon,174,197.52468425473222,23,8,0.1975246842547322
E02000247,Ealing 010,Ealing,180,196.5462403441519,22,8,0.19654624034415188
E02000234,Croydon 041,Croydon,159,195.30849060783578,19,7,0.19530849060783578
E02000608,Kingston upon Thames 011,Kingston upon Thames,165,195.1507396214373,22,8,0.1951507396214373
E02000302,Enfield 026,Enfield,175,195.14882018060945,21,8,0.19514882018060944
E02000002,Barking and Dagenham 001,Barking and Dagenham,171,194.7068436256871,22,8,0.1947068436256871
E02000150,Bromley 024,Bromley,167,194.46054895346887,16,8,0.19446054895346887
E02000501,Hillingdon 008,Hillingdon,171,192.46873308838008,21,8,0.19246873308838008
E02000494,Hillingdon 001,Hillingdon,166,192.39172150450887,21,8,0.19239172150450887
E02000292,Enfield 016,Enfield,168,191.68435141740827,21,8,0.19168435141740828
E02000280,Enfield 004,Enfield,163,191.6621575470958,21,8,0.1916621575470958
E02000755,Redbridge 005,Redbridge,162,191.36749525695535,21,8,0.19136749525695534
E02000777,Redbridge 027,Redbridge,163,191.32179373423298,23,8,0.19132179373423297
E02006795,Harrow 032,Harrow,171,190.8826727589891,23,8,0.1908826727589891
E02000798,Richmond upon Thames 015,Richmond upon Thames,165,190.84640255277338,21,8,0.19084640255277338
E02000534,Hounslow 009,Hounslow,173,189.87428249055216,17,8,0.18987428249055216
E02000241,Ealing 004,Ealing,166,189.7831985467728,23,8,0.1897831985467728
E02000797,Richmond upon Thames 014,Richmond upon Thames,164,189.11664977147248,21,8,0.1891166497714725
E02000211,Croydon 018,Croydon,163,188.2793246178543,22,8,0.1882793246178543
E02000520,Hillingdon 027,Hillingdon,173,188.2135674812989,22,8,0.1882135674812989
E02000508,Hillingdon 015,Hillingdon,171,187.16492598114866,21,8,0.18716492598114864
E02000253,Ealing 016,Ealing,174,186.98240505081148,21,8,0.18698240505081148
E02000497,Hillingdon 004,Hillingdon,161,186.38549099801963,17,8,0.18638549099801963
E02000612,Kingston upon Thames 015,Kingston upon Thames,155,185.8901284689632,21,8,0.18589012846896322
E02000266,Ealing 029,Ealing,169,185.72115353657773,23,8,0.18572115353657773
E02000690,Merton 002,Merton,159,185.50596581697297,22,8,0.18550596581697298
E02000158,Bromley 032,Bromley,153,184.75825314313877,21,8,0.18475825314313876
E02000160,Bromley 034,Bromley,158,184.21666467946406,20,8,0.18421666467946407
E02000549,Hounslow 024,Hounslow,158,183.0589069073176,20,8,0.1830589069073176
E02000895,Waltham Forest 001,Waltham Forest,158,182.84312686431068,23,8,0.18284312686431067
E02000287,Enfield 011,Enfield,152,180.35139073441565,21,8,0.18035139073441564
E02000028,Barnet 005,Barnet,159,180.10186977565405,20,8,0.18010186977565404
E02000227,Croydon 034,Croydon,153,178.4592737257862,24,8,0.1784592737257862
E02000457,Harrow 025,Harrow,157,178.34204603286906,20,8,0.17834204603286907
E02000447,Harrow 015,Harrow,159,177.66811753406017,23,8,0.17766811753406017
E02000541,Hounslow 016,Hounslow,164,177.3848687628613,21,8,0.17738486876286128
E02000841,Sutton 002,Sutton,157,176.99815041781227,19,8,0.17699815041781228
E02000790,Richmond upon Thames 007,Richmond upon Thames,146,176.51448714604692,18,8,0.17651448714604692
E02000236,Croydon 043,Croydon,151,175.98854644897392,19,7,0.1759885464489739
E02000860,Sutton 021,Sutton,156,175.26758932265923,21,8,0.17526758932265923
E02000159,Bromley 033,Bromley,144,174.8488822267534,20,7,0.1748488822267534
E02000789,Richmond upon Thames 006,Richmond upon Thames,147,174.59482077720108,19,8,0.17459482077720107
E02000155,Bromley 029,Bromley,151,173.42727207744565,22,8,0.17342727207744565
E02000212,Croydon 019,Croydon,150,172.83157923959882,21,8,0.17283157923959883
E02000294,Enfield 018,Enfield,154,172.76051140891173,24,8,0.17276051140891172
E02000605,Kingston upon Thames 008,Kingston upon Thames,153,172.56100303677752,20,8,0.17256100303677752
E02000610,Kingston upon Thames 013,Kingston upon Thames,151,171.76448250670765,20,8,0.17176448250670764
E02000466,Havering 003,Havering,146,171.5060758665106,23,8,0.1715060758665106
E02000092,Bexley 028,Bexley,143,170.46434306094744,18,8,0.17046434306094743
E02000448,Harrow 016,Harrow,151,170.4576369954716,20,8,0.1704576369954716
E02000847,Sutton 008,Sutton,147,170.12313770585487,21,8,0.17012313770585488
E02000492,Havering 029,Havering,142,169.59274620867853,19,8,0.16959274620867854
E02000464,Havering 001,Havering,144,168.91049420353636,20,8,0.16891049420353635
E02000444,Harrow 012,Harrow,150,168.4763685669895,24,8,0.1684763685669895
E02000435,Harrow 003,Harrow,151,168.38906263642914,23,8,0.16838906263642914
E02000844,Sutton 005,Sutton,146,168.19613452123707,18,8,0.16819613452123708
E02000263,Ealing 026,Ealing,149,166.89898646779895,19,8,0.16689898646779894
E02000792,Richmond upon Thames 009,Richmond upon Thames,142,166.0514824475949,20,8,0.1660514824475949
E02000242,Ealing 005,Ealing,152,165.32699966181124,19,7,0.16532699966181125
E02000515,Hillingdon 022,Hillingdon,149,164.33559636413005,22,8,0.16433559636413006
E02000437,Harrow 005,Harrow,142,164.19204848058257,21,8,0.16419204848058258
E02000441,Harrow 009,Harrow,146,163.66783888526953,19,8,0.16366783888526953
E02000794,Richmond upon Thames 011,Richmond upon Thames,142,163.31842178363527,20,8,0.16331842178363526
E02006973,Hounslow 031,Hounslow,155,162.6709016802132,22,8,0.1626709016802132
E02000856,Sutton 017,Sutton,139,162.1995161123957,22,8,0.16219951611239572
E02000599,Kingston upon Thames 002,Kingston upon Thames,146,161.99017356765114,20,8,0.16199017356765114
E02000454,Harrow 022,Harrow,145,161.64875252583457,21,8,0.16164875252583458
E02000500,Hillingdon 007,Hillingdon,142,161.37278215985222,19,8,0.16137278215985223
E02000303,Enfield 027,Enfield,145,161.18569819772077,24,8,0.16118569819772077
E02000614,Kingston upon Thames 017,Kingston upon Thames,141,160.8825585213854,20,8,0.1608825585213854
E02000259,Ealing 022,Ealing,152,160.58323530559318,21,8,0.16058323530559318
E02000842,Sutton 003,Sutton,137,159.92126074626395,21,8,0.15992126074626395
E02000026,Barnet 003,Barnet,140,159.7269322261066,21,8,0.15972693222610662
E02000250,Ealing 013,Ealing,143,159.67578463168755,21,8,0.15967578463168755
E02000283,Enfield 007,Enfield,137,159.3623811129909,21,7,0.1593623811129909
E02000469,Havering 006,Havering,135,159.2543251724869,19,7,0.1592543251724869
E02000209,Croydon 016,Croydon,148,158.5327156047728,22,8,0.15853271560477278
E02000281,Enfield 005,Enfield,142,158.29494929031168,22,8,0.15829494929031168
E02000468,Havering 005,Havering,136,157.00509348054538,21,8,0.1570050934805454
E02000438,Harrow 006,Harrow,140,156.4247379564127,20,8,0.1564247379564127
E02000521,Hillingdon 028,Hillingdon,141,156.3407317687843,21,8,0.1563407317687843
E02000219,Croydon 026,Croydon,136,155.99669747346599,21,8,0.15599669747346598
E02000544,Hounslow 019,Hounslow,142,155.85868072531622,22,8,0.15585868072531622
E02000460,Harrow 028,Harrow,140,155.19497997252952,23,8,0.1551949799725295
E02000849,Sutton 010,Sutton,132,153.6062981957715,19,8,0.1536062981957715
E02000251,Ealing 014,Ealing,142,152.53799365346288,22,8,0.15253799365346288
E02000499,Hillingdon 006,Hillingdon,137,151.86993999202383,21,8,0.15186993999202383
E02000538,Hounslow 013,Hounslow,144,151.2256015552584,21,8,0.1512256015552584
E02000231,Croydon 038,Croydon,128,150.8494695948642,19,8,0.1508494695948642
E02000600,Kingston upon Thames 003,Kingston upon Thames,131,150.3162859687664,20,7,0.1503162859687664
E02000462,Harrow 030,Harrow,134,149.3985063696292,19,8,0.1493985063696292
E02000853,Sutton 014,Sutton,132,149.2128880638181,21,8,0.1492128880638181
E02000289,Enfield 013,Enfield,128,148.28500992931242,19,8,0.14828500992931243
E02000285,Enfield 009,Enfield,127,148.2257798706833,19,8,0.1482257798706833
E02000613,Kingston upon Thames 016,Kingston upon Thames,127,147.70362618452614,19,8,0.14770362618452615
E02000451,Harrow 019,Harrow,130,147.65234489255954,21,8,0.14765234489255954
E02000245,Ealing 008,Ealing,131,146.5852913993681,22,8,0.1465852913993681
E02000249,Ealing 012,Ealing,132,146.36038188987453,21,8,0.14636038188987452
E02000536,Hounslow 011,Hounslow,134,145.94661774633806,19,8,0.14594661774633808
E02000795,Richmond upon Thames 012,Richmond upon Thames,128,145.69764592524788,19,8,0.1456976459252479
E02000859,Sutton 020,Sutton,131,145.31438951741615,21,8,0.14531438951741615
E02000278,Enfield 002,Enfield,125,145.06149592346176,22,8,0.14506149592346176
E02000861,Sutton 022,Sutton,121,144.93586154902553,20,7,0.14493586154902552
E02000852,Sutton 013,Sutton,130,144.78766159588136,20,8,0.14478766159588136
E02000293,Enfield 017,Enfield,124,144.56869731936035,19,8,0.14456869731936034
E02000550,Hounslow 025,Hounslow,125,143.73062158419802,20,8,0.14373062158419803
E02000272,Ealing 035,Ealing,132,142.94317275822812,20,8,0.14294317275822813
E02000545,Hounslow 020,Hounslow,129,141.95903569849438,21,8,0.14195903569849438
E02000854,Sutton 015,Sutton,120,139.75573439729044,20,8,0.13975573439729044
E02000226,Croydon 033,Croydon,123,139.57982074460136,20,8,0.13957982074460137
E02000846,Sutton 007,Sutton,124,139.47996947995227,21,8,0.13947996947995228
E02000713,Merton 025,Merton,123,139.10872084984646,22,8,0.13910872084984646
E02000478,Havering 015,Havering,113,137.88037646141157,17,8,0.13788037646141157
E02000136,Bromley 010,Bromley,120,137.70737659904262,18,8,0.1377073765990426
E02000463,Harrow 031,Harrow,124,137.49361044876304,24,8,0.13749361044876304
E02000290,Enfield 014,Enfield,121,137.29469831341206,22,8,0.13729469831341207
E02000547,Hounslow 022,Hounslow,125,136.75445022842536,21,8,0.13675445022842536
E02000225,Croydon 032,Croydon,125,135.41775489237426,20,8,0.13541775489237426
E02000609,Kingston upon Thames 012,Kingston upon Thames,120,135.3996490295245,18,8,0.1353996490295245
E02000162,Bromley 036,Bromley,114,135.33772267768012,20,8,0.13533772267768013
E02000282,Enfield 006,Enfield,123,135.17796870119676,24,8,0.13517796870119675
E02000804,Richmond upon Thames 021,Richmond upon Thames,115,135.07712716409253,18,8,0.13507712716409254
E02000228,Croydon 035,Croydon,111,134.58740965544536,16,7,0.13458740965544536
E02000855,Sutton 016,Sutton,114,134.54919476561489,21,8,0.1345491947656149
E02000277,Enfield 001,Enfield,117,134.3631181216324,21,8,0.1343631181216324
E02000506,Hillingdon 013,Hillingdon,120,133.44700367240083,21,8,0.13344700367240084
E02000509,Hillingdon 016,Hillingdon,118,133.01735474385058,19,7,0.13301735474385057
E02000165,Bromley 039,Bromley,109,132.74994564423756,21,8,0.13274994564423756
E02006972,Hounslow 030,Hounslow,125,132.26937787563816,21,8,0.13226937787563817
E02000806,Richmond upon Thames 023,Richmond upon Thames,113,130.55230620136115,18,8,0.13055230620136116
E02000603,Kingston upon Thames 006,Kingston upon Thames,118,130.2980054652092,20,7,0.1302980054652092
E02000848,Sutton 009,Sutton,115,129.15792770924364,20,8,0.12915792770924364
E02000237,Croydon 044,Croydon,110,128.9190424851313,21,8,0.1289190424851313
E02000529,Hounslow 004,Hounslow,114,127.07275507334853,21,8,0.12707275507334853
E02000546,Hounslow 021,Hounslow,119,126.88191283095232,20,8,0.12688191283095232
E02006836,Sutton 025,Sutton,104,126.74974570147971,18,8,0.1267497457014797
E02000233,Croydon 040,Croydon,113,126.28508093495901,20,8,0.12628508093495902
E02000602,Kingston upon Thames 005,Kingston upon Thames,111,126.04371007407227,20,8,0.12604371007407228
E02000504,Hillingdon 011,Hillingdon,111,124.52277789012777,18,8,0.12452277789012776
E02000235,Croydon 042,Croydon,107,123.76213845073111,18,8,0.12376213845073111
E02000214,Croydon 021,Croydon,109,122.19361235505713,21,8,0.12219361235505713
E02000535,Hounslow 010,Hounslow,105,121.1135031569004,17,8,0.1211135031569004
E02000523,Hillingdon 030,Hillingdon,110,120.53326243999575,22,8,0.12053326243999575
E02000611,Kingston upon Thames 014,Kingston upon Thames,98,119.60966281168649,15,8,0.11960966281168649
E02000793,Richmond upon Thames 010,Richmond upon Thames,105,116.82661475274192,18,8,0.11682661475274192
E02000218,Croydon 025,Croydon,102,116.42868147053439,21,8,0.11642868147053438
E02000858,Sutton 019,Sutton,100,115.80062954441087,19,8,0.11580062954441087
E02000260,Ealing 023,Ealing,100,115.4490788349068,18,8,0.1154490788349068
E02000514,Hillingdon 021,Hillingdon,100,114.87527386662563,19,8,0.11487527386662563
E02000551,Hounslow 026,Hounslow,106,114.84135810514252,17,6,0.11484135810514252
E02000598,Kingston upon Thames 001,Kingston upon Thames,97,112.24506225146071,19,8,0.1122450622514607
E02000552,Hounslow 027,Hounslow,100,111.75391478351278,18,7,0.11175391478351278
E02000507,Hillingdon 014,Hillingdon,99,111.0453199198191,16,8,0.1110453199198191
E02000275,Ealing 038,Ealing,98,111.01616897084644,19,8,0.11101616897084644
E02000223,Croydon 030,Croydon,97,110.88308750725258,19,8,0.11088308750725258
E02000254,Ealing 017,Ealing,94,108.62065507576622,14,6,0.10862065507576622
E02000801,Richmond upon Thames 018,Richmond upon Thames,94,107.66096630287362,19,8,0.10766096630287361
E02000796,Richmond upon Thames 013,Richmond upon Thames,94,107.00682047969816,18,8,0.10700682047969816
E02000617,Kingston upon Thames 020,Kingston upon Thames,92,105.9202021451215,19,8,0.10592020214512149
E02000511,Hillingdon 018,Hillingdon,95,105.38808129484762,20,8,0.10538808129484763
E02000548,Hounslow 023,Hounslow,95,104.88505856611047,18,8,0.10488505856611047
E02000863,Sutton 024,Sutton,86,104.6498950927802,18,8,0.10464989509278019
E02000518,Hillingdon 025,Hillingdon,90,103.6590242929835,19,7,0.1036590242929835
E02000232,Croydon 039,Croydon,88,102.22491481564846,20,8,0.10222491481564847
E02000522,Hillingdon 029,Hillingdon,92,101.94122128763478,19,8,0.10194122128763478
E02006789,Bromley 042,Bromley,88,101.67093913365336,16,8,0.10167093913365337
E02000799,Richmond upon Thames 016,Richmond upon Thames,88,100.55135560480839,17,8,0.10055135560480839
E02000802,Richmond upon Thames 019,Richmond upon Thames,85,100.10924531552675,17,8,0.10010924531552674
E02000615,Kingston upon Thames 018,Kingston upon Thames,83,98.10197736840325,17,8,0.09810197736840326
E02000510,Hillingdon 017,Hillingdon,84,95.66521518996556,21,7,0.09566521518996557
E02000616,Kingston upon Thames 019,Kingston upon Thames,86,94.7039272653756,19,7,0.0947039272653756
E02000436,Harrow 004,Harrow,82,94.41572523161935,19,8,0.09441572523161935
E02000246,Ealing 009,Ealing,90,93.69236154062658,20,8,0.09369236154062657
E02000513,Hillingdon 020,Hillingdon,83,92.79845022904696,18,8,0.09279845022904697
E02000607,Kingston upon Thames 010,Kingston upon Thames,82,92.58847911995898,17,8,0.09258847911995897
E02000498,Hillingdon 005,Hillingdon,80,92.37780721694605,18,8,0.09237780721694605
E02000519,Hillingdon 026,Hillingdon,83,91.35074798757748,19,8,0.09135074798757747
E02000516,Hillingdon 023,Hillingdon,81,89.49787085266694,20,8,0.08949787085266693
E02000803,Richmond upon Thames 020,Richmond upon Thames,76,87.8828403575788,17,8,0.0878828403575788
E02000229,Croydon 036,Croydon,74,86.59996301541734,16,8,0.08659996301541735
E02000517,Hillingdon 024,Hillingdon,77,85.39120071468172,19,8,0.08539120071468172
E02000530,Hounslow 005,Hounslow,78,82.53387025025455,18,8,0.08253387025025455
E02000525,Hillingdon 032,Hillingdon,71,80.3403640493885,18,8,0.0803403640493885
E02000800,Richmond upon Thames 017,Richmond upon Thames,73,78.95405137845472,18,7,0.07895405137845472
E02000512,Hillingdon 019,Hillingdon,70,76.12458047280644,20,8,0.07612458047280644
E02000496,Hillingdon 003,Hillingdon,67,75.48318987160803,19,8,0.07548318987160803
E02006970,Ealing 043,Ealing,68,75.33476877688368,19,8,0.07533476877688368
E02000524,Hillingdon 031,Hillingdon,62,74.88924092620121,14,8,0.07488924092620121
E02000553,Hounslow 028,Hounslow,62,68.51238286673173,21,8,0.06851238286673172
E02006971,Ealing 044,Ealing,56,64.82819456607511,16,8,0.06482819456607511
