MSOA21CD,MSOA21NM,year,retail_units,total_rateable_value,total_floor_area,retail_vacancy_proxy,occupation_classification_completeness,occupation_classified_records,station_count,top100_station_count,mean_station_shock,weighted_shock_numerator,baseline_station_volume,study_submarket,workplace_msoa_station_shock,high_affected_group,comparison_label
E02000001,City of London 001,2019,3939.0,194701201.0,425235.13,0.19618894256575417,1.0,3726.0,9,9,1.39432615810236,1179509.7486541523,787484,City,1.497820588931524,1,Top-100 affected
E02000001,City of London 001,2023,4244.0,186119719.0,470335.38,0.19700214132762311,1.0,3736.0,9,9,1.39432615810236,1179509.7486541523,787484,City,1.497820588931524,1,Top-100 affected
E02000001,City of London 001,2024,3549.0,189073545.0,385999.30000000005,0.15863192182410424,1.0,3070.0,9,9,1.39432615810236,1179509.7486541523,787484,City,1.497820588931524,1,Top-100 affected
E02000001,City of London 001,2025,3593.0,182669405.0,396294.08,0.15777414075286417,1.0,3055.0,9,9,1.39432615810236,1179509.7486541523,787484,City,1.497820588931524,1,Top-100 affected
E02000168,Camden 003,2019,169.0,4568875.0,15118.09,0.2631578947368421,1.0,114.0,1,0,0.37828538807724943,10136.156973529898,26795,Tech Belt & Midtown,0.37828538807724943,0,Less-affected comparison
E02000168,Camden 003,2023,177.0,4715075.0,16137.6,0.25,1.0,132.0,1,0,0.37828538807724943,10136.156973529898,26795,Tech Belt & Midtown,0.37828538807724943,0,Less-affected comparison
E02000168,Camden 003,2024,165.0,4471850.0,14923.56,0.16129032258064516,1.0,124.0,1,0,0.37828538807724943,10136.156973529898,26795,Tech Belt & Midtown,0.37828538807724943,0,Less-affected comparison
E02000168,Camden 003,2025,165.0,4471850.0,14923.56,0.184,1.0,125.0,1,0,0.37828538807724943,10136.156973529898,26795,Tech Belt & Midtown,0.37828538807724943,0,Less-affected comparison
E02000177,Camden 012,2019,125.0,3930205.0,15836.1,0.27956989247311825,1.0,93.0,1,1,0.9851989169031027,16521.78583646503,16770,Tech Belt & Midtown,0.9851989169031026,1,Top-100 affected
E02000177,Camden 012,2023,127.0,3793455.0,12235.67,0.35294117647058826,1.0,102.0,1,1,0.9851989169031027,16521.78583646503,16770,Tech Belt & Midtown,0.9851989169031026,1,Top-100 affected
E02000177,Camden 012,2024,117.0,3830655.0,10655.7,0.3157894736842105,1.0,95.0,1,1,0.9851989169031027,16521.78583646503,16770,Tech Belt & Midtown,0.9851989169031026,1,Top-100 affected
E02000177,Camden 012,2025,117.0,3801905.0,10655.7,0.3263157894736842,1.0,95.0,1,1,0.9851989169031027,16521.78583646503,16770,Tech Belt & Midtown,0.9851989169031026,1,Top-100 affected
E02000186,Camden 021,2019,428.0,31510950.0,69077.09,0.16964285714285715,1.0,336.0,2,1,0.7793167946374939,41848.01585416561,69568,Tech Belt & Midtown,0.6015411662569804,1,Top-100 affected
E02000186,Camden 021,2023,491.0,30371750.0,73276.45999999999,0.19464720194647203,1.0,411.0,2,1,0.7793167946374939,41848.01585416561,69568,Tech Belt & Midtown,0.6015411662569804,1,Top-100 affected
E02000186,Camden 021,2024,471.0,27943475.0,67137.77,0.17380352644836272,1.0,397.0,2,1,0.7793167946374939,41848.01585416561,69568,Tech Belt & Midtown,0.6015411662569804,1,Top-100 affected
E02000186,Camden 021,2025,475.0,27626225.0,67167.56,0.16831683168316833,1.0,404.0,2,1,0.7793167946374939,41848.01585416561,69568,Tech Belt & Midtown,0.6015411662569804,1,Top-100 affected
E02000187,Camden 022,2019,227.0,32583225.0,36535.25,0.105,1.0,200.0,1,1,0.8514210742487138,234897.70875340342,275889,Tech Belt & Midtown,0.8514210742487138,1,Top-100 affected
E02000187,Camden 022,2023,311.0,32307575.0,47747.84,0.1423611111111111,1.0,288.0,1,1,0.8514210742487138,234897.70875340342,275889,Tech Belt & Midtown,0.8514210742487138,1,Top-100 affected
E02000187,Camden 022,2024,292.0,24015925.0,42909.06,0.14760147601476015,1.0,271.0,1,1,0.8514210742487138,234897.70875340342,275889,Tech Belt & Midtown,0.8514210742487138,1,Top-100 affected
E02000187,Camden 022,2025,305.0,24435775.0,44009.19,0.1519434628975265,1.0,283.0,1,1,0.8514210742487138,234897.70875340342,275889,Tech Belt & Midtown,0.8514210742487138,1,Top-100 affected
E02000188,Camden 023,2019,134.0,8648040.0,12779.21,0.24528301886792453,1.0,106.0,1,1,0.6998690058934541,90626.03757314337,129490,Tech Belt & Midtown,0.6998690058934541,1,Top-100 affected
E02000188,Camden 023,2023,138.0,6392240.0,12939.74,0.36936936936936937,1.0,111.0,1,1,0.6998690058934541,90626.03757314337,129490,Tech Belt & Midtown,0.6998690058934541,1,Top-100 affected
E02000188,Camden 023,2024,110.0,4414065.0,9149.42,0.21686746987951808,1.0,83.0,1,1,0.6998690058934541,90626.03757314337,129490,Tech Belt & Midtown,0.6998690058934541,1,Top-100 affected
E02000188,Camden 023,2025,113.0,4170465.0,9159.68,0.17647058823529413,1.0,85.0,1,1,0.6998690058934541,90626.03757314337,129490,Tech Belt & Midtown,0.6998690058934541,1,Top-100 affected
E02000191,Camden 026,2019,494.0,44950020.0,101530.28,0.1310344827586207,1.0,435.0,3,2,0.8213410857242343,120066.06913111988,145656,West End,0.8243125523913871,1,Top-100 affected
E02000191,Camden 026,2023,513.0,42845025.0,108515.1,0.18872017353579176,1.0,461.0,3,2,0.8213410857242343,120066.06913111988,145656,West End,0.8243125523913871,1,Top-100 affected
E02000191,Camden 026,2024,467.0,39054650.0,96158.42000000001,0.14150943396226415,1.0,424.0,3,2,0.8213410857242343,120066.06913111988,145656,West End,0.8243125523913871,1,Top-100 affected
E02000191,Camden 026,2025,472.0,38027150.0,96558.34,0.15011547344110854,1.0,433.0,3,2,0.8213410857242343,120066.06913111988,145656,West End,0.8243125523913871,1,Top-100 affected
E02000193,Camden 028,2019,1106.0,72447605.0,152389.21000000002,0.2209660842754368,1.0,973.0,3,2,1.1045262926922328,254377.6598818758,211848,Tech Belt & Midtown,1.2007555411515605,1,Top-100 affected
E02000193,Camden 028,2023,1168.0,66394245.0,159831.79,0.2853080568720379,1.0,1055.0,3,2,1.1045262926922328,254377.6598818758,211848,Tech Belt & Midtown,1.2007555411515605,1,Top-100 affected
E02000193,Camden 028,2024,1027.0,61488900.0,140164.07,0.22054054054054054,1.0,925.0,3,2,1.1045262926922328,254377.6598818758,211848,Tech Belt & Midtown,1.2007555411515605,1,Top-100 affected
E02000193,Camden 028,2025,1044.0,61789435.0,142866.01,0.21624472573839662,1.0,948.0,3,2,1.1045262926922328,254377.6598818758,211848,Tech Belt & Midtown,1.2007555411515605,1,Top-100 affected
E02000566,Islington 013,2019,207.0,4947145.0,18512.289999999994,0.017857142857142856,1.0,168.0,1,0,0.5611939493406878,31298.908942628837,55772,Tech Belt & Midtown,0.5611939493406878,0,Less-affected comparison
E02000566,Islington 013,2023,208.0,4868545.0,18988.71,0.04040404040404041,1.0,198.0,1,0,0.5611939493406878,31298.908942628837,55772,Tech Belt & Midtown,0.5611939493406878,0,Less-affected comparison
E02000566,Islington 013,2024,198.0,4864025.0,17656.849999999995,0.03535353535353535,1.0,198.0,1,0,0.5611939493406878,31298.908942628837,55772,Tech Belt & Midtown,0.5611939493406878,0,Less-affected comparison
E02000566,Islington 013,2025,199.0,4888775.0,17844.589999999997,0.05025125628140704,1.0,199.0,1,0,0.5611939493406878,31298.908942628837,55772,Tech Belt & Midtown,0.5611939493406878,0,Less-affected comparison
E02000575,Islington 022,2019,542.0,20693899.0,57849.43000000001,0.0625,1.0,448.0,2,1,0.8915349858039401,152008.77938036015,156811,Tech Belt & Midtown,0.9693757413724812,1,Top-100 affected
E02000575,Islington 022,2023,605.0,22001569.0,69167.86,0.07360861759425494,1.0,557.0,2,1,0.8915349858039401,152008.77938036015,156811,Tech Belt & Midtown,0.9693757413724812,1,Top-100 affected
E02000575,Islington 022,2024,546.0,21121322.0,60322.61,0.07063197026022305,1.0,538.0,2,1,0.8915349858039401,152008.77938036015,156811,Tech Belt & Midtown,0.9693757413724812,1,Top-100 affected
E02000575,Islington 022,2025,558.0,21340472.0,63629.95,0.07832422586520947,1.0,549.0,2,1,0.8915349858039401,152008.77938036015,156811,Tech Belt & Midtown,0.9693757413724812,1,Top-100 affected
E02000576,Islington 023,2019,349.0,14963555.0,53539.16,0.04905660377358491,1.0,265.0,1,1,1.2959670993184824,120487.35719073864,92971,Tech Belt & Midtown,1.2959670993184824,1,Top-100 affected
E02000576,Islington 023,2023,383.0,14397290.0,61656.81,0.0963855421686747,1.0,332.0,1,1,1.2959670993184824,120487.35719073864,92971,Tech Belt & Midtown,1.2959670993184824,1,Top-100 affected
E02000576,Islington 023,2024,313.0,14158890.0,51921.16,0.11290322580645161,1.0,310.0,1,1,1.2959670993184824,120487.35719073864,92971,Tech Belt & Midtown,1.2959670993184824,1,Top-100 affected
E02000576,Islington 023,2025,320.0,13964490.0,52876.4,0.12063492063492064,1.0,315.0,1,1,1.2959670993184824,120487.35719073864,92971,Tech Belt & Midtown,1.2959670993184824,1,Top-100 affected
E02000577,Kensington and Chelsea 001,2019,178.0,3755130.0,13197.14,0.07954545454545454,1.0,176.0,1,0,0.46903430930761447,6521.922070922379,13905,West End,0.46903430930761447,0,Less-affected comparison
E02000577,Kensington and Chelsea 001,2023,198.0,6301855.0,31540.250000000004,0.09743589743589744,1.0,195.0,1,0,0.46903430930761447,6521.922070922379,13905,West End,0.46903430930761447,0,Less-affected comparison
E02000577,Kensington and Chelsea 001,2024,176.0,5943040.0,22118.309999999998,0.08571428571428572,1.0,175.0,1,0,0.46903430930761447,6521.922070922379,13905,West End,0.46903430930761447,0,Less-affected comparison
E02000577,Kensington and Chelsea 001,2025,183.0,5963360.0,31143.21,0.11538461538461539,1.0,182.0,1,0,0.46903430930761447,6521.922070922379,13905,West End,0.46903430930761447,0,Less-affected comparison
E02000582,Kensington and Chelsea 006,2019,275.0,17427450.0,27883.75,0.05474452554744526,1.0,274.0,1,0,0.49853611802660414,22361.339037965303,44854,West End,0.49853611802660414,0,Less-affected comparison
E02000582,Kensington and Chelsea 006,2023,392.0,16908000.0,30831.940000000002,0.20876288659793815,1.0,388.0,1,0,0.49853611802660414,22361.339037965303,44854,West End,0.49853611802660414,0,Less-affected comparison
E02000582,Kensington and Chelsea 006,2024,317.0,16338675.0,25613.58,0.17665615141955837,1.0,317.0,1,0,0.49853611802660414,22361.339037965303,44854,West End,0.49853611802660414,0,Less-affected comparison
E02000582,Kensington and Chelsea 006,2025,335.0,16337875.0,26126.33,0.16417910447761194,1.0,335.0,1,0,0.49853611802660414,22361.339037965303,44854,West End,0.49853611802660414,0,Less-affected comparison
E02000588,Kensington and Chelsea 012,2019,473.0,150312650.0,283289.97000000003,0.06223175965665236,1.0,466.0,1,1,0.7264594836856804,34342.64563175685,47274,West End,0.7264594836856804,1,Top-100 affected
E02000588,Kensington and Chelsea 012,2023,530.0,148010450.0,298887.45,0.1362763915547025,1.0,521.0,1,1,0.7264594836856804,34342.64563175685,47274,West End,0.7264594836856804,1,Top-100 affected
E02000588,Kensington and Chelsea 012,2024,447.0,99722000.0,274859.05000000005,0.13288288288288289,1.0,444.0,1,1,0.7264594836856804,34342.64563175685,47274,West End,0.7264594836856804,1,Top-100 affected
E02000588,Kensington and Chelsea 012,2025,467.0,102934000.0,282709.95000000007,0.1447084233261339,1.0,463.0,1,1,0.7264594836856804,34342.64563175685,47274,West End,0.7264594836856804,1,Top-100 affected
E02000590,Kensington and Chelsea 014,2019,310.0,33659850.0,50756.420000000006,0.06451612903225806,1.0,310.0,1,0,0.36005434306188666,36420.21690939596,101152,West End,0.36005434306188666,0,Less-affected comparison
E02000590,Kensington and Chelsea 014,2023,337.0,32321850.0,55228.79,0.14285714285714285,1.0,336.0,1,0,0.36005434306188666,36420.21690939596,101152,West End,0.36005434306188666,0,Less-affected comparison
E02000590,Kensington and Chelsea 014,2024,297.0,24426150.0,47670.13999999999,0.11447811447811448,1.0,297.0,1,0,0.36005434306188666,36420.21690939596,101152,West End,0.36005434306188666,0,Less-affected comparison
E02000590,Kensington and Chelsea 014,2025,301.0,23577650.0,48501.61,0.11627906976744186,1.0,301.0,1,0,0.36005434306188666,36420.21690939596,101152,West End,0.36005434306188666,0,Less-affected comparison
E02000592,Kensington and Chelsea 016,2019,191.0,17018450.0,35473.34999999999,0.047872340425531915,1.0,188.0,1,0,0.45486870533001234,19939.62456684642,43836,West End,0.45486870533001234,0,Less-affected comparison
E02000592,Kensington and Chelsea 016,2023,201.0,16402400.0,43651.58,0.09090909090909091,1.0,198.0,1,0,0.45486870533001234,19939.62456684642,43836,West End,0.45486870533001234,0,Less-affected comparison
E02000592,Kensington and Chelsea 016,2024,184.0,14320075.0,34412.36,0.09340659340659341,1.0,182.0,1,0,0.45486870533001234,19939.62456684642,43836,West End,0.45486870533001234,0,Less-affected comparison
E02000592,Kensington and Chelsea 016,2025,184.0,14179325.0,34414.55,0.10989010989010989,1.0,182.0,1,0,0.45486870533001234,19939.62456684642,43836,West End,0.45486870533001234,0,Less-affected comparison
E02000594,Kensington and Chelsea 018,2019,204.0,31473025.0,38791.15000000001,0.0297029702970297,1.0,202.0,1,1,0.814758575763068,46078.67125228031,56555,West End,0.8147585757630679,1,Top-100 affected
E02000594,Kensington and Chelsea 018,2023,219.0,30810100.0,42054.78,0.11059907834101383,1.0,217.0,1,1,0.814758575763068,46078.67125228031,56555,West End,0.8147585757630679,1,Top-100 affected
E02000594,Kensington and Chelsea 018,2024,192.0,25503260.0,36010.57,0.06282722513089005,1.0,191.0,1,1,0.814758575763068,46078.67125228031,56555,West End,0.8147585757630679,1,Top-100 affected
E02000594,Kensington and Chelsea 018,2025,201.0,25312760.0,37391.509999999995,0.075,1.0,200.0,1,1,0.814758575763068,46078.67125228031,56555,West End,0.8147585757630679,1,Top-100 affected
E02000621,Lambeth 004,2019,194.0,8085825.0,44029.42,0.02631578947368421,1.0,114.0,1,1,0.7688644335428899,80661.56772298458,104910,West End,0.7688644335428899,1,Top-100 affected
E02000621,Lambeth 004,2023,196.0,7273375.0,34931.94,0.06,1.0,100.0,1,1,0.7688644335428899,80661.56772298458,104910,West End,0.7688644335428899,1,Top-100 affected
E02000621,Lambeth 004,2024,182.0,7348550.0,33113.7,0.023529411764705882,1.0,85.0,1,1,0.7688644335428899,80661.56772298458,104910,West End,0.7688644335428899,1,Top-100 affected
E02000621,Lambeth 004,2025,190.0,7598150.0,34320.15000000001,0.02857142857142857,1.0,70.0,1,1,0.7688644335428899,80661.56772298458,104910,West End,0.7688644335428899,1,Top-100 affected
E02000747,Newham 034,2019,71.0,2087100.0,16095.679999999998,0.0,1.0,10.0,1,0,0.2137491748655419,9916.892967886817,46395,Canary Wharf,0.2137491748655419,0,Less-affected comparison
E02000747,Newham 034,2023,88.0,3290675.0,23890.94,0.0,1.0,11.0,1,0,0.2137491748655419,9916.892967886817,46395,Canary Wharf,0.2137491748655419,0,Less-affected comparison
E02000747,Newham 034,2024,78.0,3526860.0,18158.28,0.14285714285714285,1.0,7.0,1,0,0.2137491748655419,9916.892967886817,46395,Canary Wharf,0.2137491748655419,0,Less-affected comparison
E02000747,Newham 034,2025,100.0,4541610.0,22222.170000000002,,,0.0,1,0,0.2137491748655419,9916.892967886817,46395,Canary Wharf,0.2137491748655419,0,Less-affected comparison
E02000808,Southwark 002,2019,540.0,24796280.0,66563.13,0.04339250493096647,1.0,507.0,2,2,0.9913701515699278,266930.3201481571,257984,Southbank,1.0346778100508445,1,Top-100 affected
E02000808,Southwark 002,2023,634.0,26544935.0,78757.85999999999,0.02895752895752896,1.0,518.0,2,2,0.9913701515699278,266930.3201481571,257984,Southbank,1.0346778100508445,1,Top-100 affected
E02000808,Southwark 002,2024,534.0,29867560.0,66824.04000000001,0.00954653937947494,1.0,419.0,2,2,0.9913701515699278,266930.3201481571,257984,Southbank,1.0346778100508445,1,Top-100 affected
E02000808,Southwark 002,2025,559.0,30219085.0,69464.88,0.009523809523809525,1.0,420.0,2,2,0.9913701515699278,266930.3201481571,257984,Southbank,1.0346778100508445,1,Top-100 affected
E02000810,Southwark 004,2019,100.0,1607525.0,12458.519999999997,0.022222222222222223,1.0,90.0,1,0,0.4396460438086037,13217.079015018055,30063,Southbank,0.4396460438086037,0,Less-affected comparison
E02000810,Southwark 004,2023,105.0,1662775.0,13219.78,0.011764705882352941,1.0,85.0,1,0,0.4396460438086037,13217.079015018055,30063,Southbank,0.4396460438086037,0,Less-affected comparison
E02000810,Southwark 004,2024,95.0,2269950.0,11774.669999999998,0.013333333333333334,1.0,75.0,1,0,0.4396460438086037,13217.079015018055,30063,Southbank,0.4396460438086037,0,Less-affected comparison
E02000810,Southwark 004,2025,95.0,2269950.0,11774.669999999998,0.013333333333333334,1.0,75.0,1,0,0.4396460438086037,13217.079015018055,30063,Southbank,0.4396460438086037,0,Less-affected comparison
E02000871,Tower Hamlets 008,2019,46.0,618100.0,3629.1499999999996,0.3448275862068966,1.0,29.0,1,0,0.4274262528297138,6054.065445080067,14164,Canary Wharf,0.4274262528297138,0,Less-affected comparison
E02000871,Tower Hamlets 008,2023,43.0,559700.0,3832.6899999999996,0.22580645161290322,1.0,31.0,1,0,0.4274262528297138,6054.065445080067,14164,Canary Wharf,0.4274262528297138,0,Less-affected comparison
E02000871,Tower Hamlets 008,2024,39.0,633575.0,3623.61,0.07142857142857142,1.0,28.0,1,0,0.4274262528297138,6054.065445080067,14164,Canary Wharf,0.4274262528297138,0,Less-affected comparison
E02000871,Tower Hamlets 008,2025,39.0,664325.0,3715.0400000000004,0.10714285714285714,1.0,28.0,1,0,0.4274262528297138,6054.065445080067,14164,Canary Wharf,0.4274262528297138,0,Less-affected comparison
E02000874,Tower Hamlets 011,2019,64.0,3437580.0,14890.23,0.15,1.0,40.0,2,1,0.48453453357825266,37238.779216458905,65664,Tech Belt & Midtown,0.5671110382623493,1,Top-100 affected
E02000874,Tower Hamlets 011,2023,89.0,3535130.0,35970.25,0.16901408450704225,1.0,71.0,2,1,0.48453453357825266,37238.779216458905,65664,Tech Belt & Midtown,0.5671110382623493,1,Top-100 affected
E02000874,Tower Hamlets 011,2024,78.0,3300725.0,16186.459999999997,0.30303030303030304,1.0,66.0,2,1,0.48453453357825266,37238.779216458905,65664,Tech Belt & Midtown,0.5671110382623493,1,Top-100 affected
E02000874,Tower Hamlets 011,2025,80.0,3364975.0,16555.359999999997,0.2463768115942029,1.0,69.0,2,1,0.48453453357825266,37238.779216458905,65664,Tech Belt & Midtown,0.5671110382623493,1,Top-100 affected
E02000876,Tower Hamlets 013,2019,249.0,7503100.0,34628.7,0.14583333333333334,1.0,144.0,1,0,0.14419309437444183,6469.223179109333,44865,Tech Belt & Midtown,0.14419309437444183,0,Less-affected comparison
E02000876,Tower Hamlets 013,2023,290.0,7302980.0,39811.25,0.26153846153846155,1.0,195.0,1,0,0.14419309437444183,6469.223179109333,44865,Tech Belt & Midtown,0.14419309437444183,0,Less-affected comparison
E02000876,Tower Hamlets 013,2024,247.0,7239060.0,31823.360000000004,0.1511627906976744,1.0,172.0,1,0,0.14419309437444183,6469.223179109333,44865,Tech Belt & Midtown,0.14419309437444183,0,Less-affected comparison
E02000876,Tower Hamlets 013,2025,248.0,7098860.0,32086.57,0.17613636363636365,1.0,176.0,1,0,0.14419309437444183,6469.223179109333,44865,Tech Belt & Midtown,0.14419309437444183,0,Less-affected comparison
E02000877,Tower Hamlets 014,2019,121.0,1844700.0,9864.190000000002,0.10666666666666667,1.0,75.0,1,0,0.413520662238655,20088.833771553862,48580,Tech Belt & Midtown,0.413520662238655,0,Less-affected comparison
E02000877,Tower Hamlets 014,2023,129.0,1702200.0,10301.21,0.24731182795698925,1.0,93.0,1,0,0.413520662238655,20088.833771553862,48580,Tech Belt & Midtown,0.413520662238655,0,Less-affected comparison
E02000877,Tower Hamlets 014,2024,118.0,1888700.0,9178.410000000003,0.16091954022988506,1.0,87.0,1,0,0.413520662238655,20088.833771553862,48580,Tech Belt & Midtown,0.413520662238655,0,Less-affected comparison
E02000877,Tower Hamlets 014,2025,120.0,1912700.0,9425.5,0.14130434782608695,1.0,92.0,1,0,0.413520662238655,20088.833771553862,48580,Tech Belt & Midtown,0.413520662238655,0,Less-affected comparison
E02000884,Tower Hamlets 021,2019,471.0,12103740.0,66113.68,0.15774647887323945,1.0,355.0,1,1,0.8029169843683173,36487.75943763381,45444,Tech Belt & Midtown,0.8029169843683173,1,Top-100 affected
E02000884,Tower Hamlets 021,2023,562.0,11941190.0,74960.22,0.2701525054466231,1.0,459.0,1,1,0.8029169843683173,36487.75943763381,45444,Tech Belt & Midtown,0.8029169843683173,1,Top-100 affected
E02000884,Tower Hamlets 021,2024,445.0,11337675.0,55415.219999999994,0.096,1.0,375.0,1,1,0.8029169843683173,36487.75943763381,45444,Tech Belt & Midtown,0.8029169843683173,1,Top-100 affected
E02000884,Tower Hamlets 021,2025,457.0,11547615.0,57143.99,0.09090909090909091,1.0,385.0,1,1,0.8029169843683173,36487.75943763381,45444,Tech Belt & Midtown,0.8029169843683173,1,Top-100 affected
E02000890,Tower Hamlets 027,2019,121.0,6232400.0,18049.410000000003,0.2222222222222222,1.0,90.0,1,0,0.4840536049054731,31349.24766809806,64764,City,0.4840536049054731,0,Less-affected comparison
E02000890,Tower Hamlets 027,2023,126.0,5905525.0,19856.390000000003,0.20588235294117646,1.0,102.0,1,0,0.4840536049054731,31349.24766809806,64764,City,0.4840536049054731,0,Less-affected comparison
E02000890,Tower Hamlets 027,2024,103.0,5430075.0,16630.100000000002,0.24705882352941178,1.0,85.0,1,0,0.4840536049054731,31349.24766809806,64764,City,0.4840536049054731,0,Less-affected comparison
E02000890,Tower Hamlets 027,2025,103.0,5430075.0,16630.100000000002,0.23255813953488372,1.0,86.0,1,0,0.4840536049054731,31349.24766809806,64764,City,0.4840536049054731,0,Less-affected comparison
E02000966,Westminster 007,2019,116.0,3913860.0,10887.300000000001,,,0.0,1,1,0.6262284477462899,8114.668225896425,12958,West End,0.6262284477462899,1,Top-100 affected
E02000966,Westminster 007,2023,122.0,3991650.0,11984.36,,,0.0,1,1,0.6262284477462899,8114.668225896425,12958,West End,0.6262284477462899,1,Top-100 affected
E02000966,Westminster 007,2024,107.0,4002750.0,10347.1,,,0.0,1,1,0.6262284477462899,8114.668225896425,12958,West End,0.6262284477462899,1,Top-100 affected
E02000966,Westminster 007,2025,108.0,4034750.0,10570.710000000003,,,0.0,1,1,0.6262284477462899,8114.668225896425,12958,West End,0.6262284477462899,1,Top-100 affected
E02000967,Westminster 008,2019,250.0,15901450.0,31676.93,,,0.0,1,0,0.5608220878297139,52249.55063474312,93166,West End,0.5608220878297139,0,Less-affected comparison
E02000967,Westminster 008,2023,262.0,14610850.0,33181.8,,,0.0,1,0,0.5608220878297139,52249.55063474312,93166,West End,0.5608220878297139,0,Less-affected comparison
E02000967,Westminster 008,2024,237.0,13404925.0,30954.07,,,0.0,1,0,0.5608220878297139,52249.55063474312,93166,West End,0.5608220878297139,0,Less-affected comparison
E02000967,Westminster 008,2025,239.0,13445425.0,31319.7,,,0.0,1,0,0.5608220878297139,52249.55063474312,93166,West End,0.5608220878297139,0,Less-affected comparison
E02000970,Westminster 011,2019,828.0,202173835.0,336635.47,,,0.0,2,2,0.8491269237040153,133934.57976191948,134023,West End,0.9993402607158434,1,Top-100 affected
E02000970,Westminster 011,2023,890.0,180676485.0,360766.61,,,0.0,2,2,0.8491269237040153,133934.57976191948,134023,West End,0.9993402607158434,1,Top-100 affected
E02000970,Westminster 011,2024,790.0,125966780.0,351013.33,,,0.0,2,2,0.8491269237040153,133934.57976191948,134023,West End,0.9993402607158434,1,Top-100 affected
E02000970,Westminster 011,2025,801.0,123414640.0,353287.16,,,0.0,2,2,0.8491269237040153,133934.57976191948,134023,West End,0.9993402607158434,1,Top-100 affected
E02000971,Westminster 012,2019,362.0,28381505.0,52158.009999999995,,,0.0,2,2,0.9060392871129284,72614.62122532193,79000,West End,0.9191724205736953,1,Top-100 affected
E02000971,Westminster 012,2023,393.0,28121675.0,61827.729999999996,,,0.0,2,2,0.9060392871129284,72614.62122532193,79000,West End,0.9191724205736953,1,Top-100 affected
E02000971,Westminster 012,2024,358.0,22792500.0,52607.399999999994,,,0.0,2,2,0.9060392871129284,72614.62122532193,79000,West End,0.9191724205736953,1,Top-100 affected
E02000971,Westminster 012,2025,365.0,22709750.0,56385.56,,,0.0,2,2,0.9060392871129284,72614.62122532193,79000,West End,0.9191724205736953,1,Top-100 affected
E02000972,Westminster 013,2019,2724.0,664394795.0,815887.3699999999,0.0,1.0,2.0,3,3,1.0696472429975648,464741.9847071542,406911,West End,1.1421219497805521,1,Top-100 affected
E02000972,Westminster 013,2023,3018.0,619172360.0,933286.73,0.0,1.0,2.0,3,3,1.0696472429975648,464741.9847071542,406911,West End,1.1421219497805521,1,Top-100 affected
E02000972,Westminster 013,2024,2588.0,501824895.0,751190.6799999999,0.0,1.0,2.0,3,3,1.0696472429975648,464741.9847071542,406911,West End,1.1421219497805521,1,Top-100 affected
E02000972,Westminster 013,2025,2665.0,500232195.0,797229.59,0.0,1.0,2.0,3,3,1.0696472429975648,464741.9847071542,406911,West End,1.1421219497805521,1,Top-100 affected
E02000973,Westminster 014,2019,166.0,7450800.0,19782.670000000002,,,0.0,1,0,0.35348060475700527,3077.402145014488,8706,West End,0.35348060475700527,0,Less-affected comparison
E02000973,Westminster 014,2023,176.0,7160700.0,21199.43,,,0.0,1,0,0.35348060475700527,3077.402145014488,8706,West End,0.35348060475700527,0,Less-affected comparison
E02000973,Westminster 014,2024,160.0,7129250.0,18262.72,,,0.0,1,0,0.35348060475700527,3077.402145014488,8706,West End,0.35348060475700527,0,Less-affected comparison
E02000973,Westminster 014,2025,161.0,7123250.0,18518.03,,,0.0,1,0,0.35348060475700527,3077.402145014488,8706,West End,0.35348060475700527,0,Less-affected comparison
E02000975,Westminster 016,2019,167.0,6585225.0,20241.340000000004,,,0.0,1,0,0.09698615652529263,1991.7077104034095,20536,West End,0.09698615652529263,0,Less-affected comparison
E02000975,Westminster 016,2023,180.0,6461375.0,20985.73,,,0.0,1,0,0.09698615652529263,1991.7077104034095,20536,West End,0.09698615652529263,0,Less-affected comparison
E02000975,Westminster 016,2024,167.0,6478950.0,19017.190000000002,,,0.0,1,0,0.09698615652529263,1991.7077104034095,20536,West End,0.09698615652529263,0,Less-affected comparison
E02000975,Westminster 016,2025,168.0,6470950.0,19107.39,,,0.0,1,0,0.09698615652529263,1991.7077104034095,20536,West End,0.09698615652529263,0,Less-affected comparison
E02000976,Westminster 017,2019,322.0,22375875.0,53693.72,,,0.0,2,0,0.30127936353329277,12850.423933220754,35955,West End,0.3574029740848492,0,Less-affected comparison
E02000976,Westminster 017,2023,340.0,21962025.0,58185.42,,,0.0,2,0,0.30127936353329277,12850.423933220754,35955,West End,0.3574029740848492,0,Less-affected comparison
E02000976,Westminster 017,2024,310.0,17907025.0,51987.71000000001,,,0.0,2,0,0.30127936353329277,12850.423933220754,35955,West End,0.3574029740848492,0,Less-affected comparison
E02000976,Westminster 017,2025,312.0,17252275.0,52449.64,,,0.0,2,0,0.30127936353329277,12850.423933220754,35955,West End,0.3574029740848492,0,Less-affected comparison
E02000977,Westminster 018,2019,2480.0,454637781.0,498867.98000000004,0.0,1.0,16.0,6,6,1.1000504341423325,509041.2821663443,471737,West End,1.0790785589562495,1,Top-100 affected
E02000977,Westminster 018,2023,2681.0,448087071.0,565185.5700000001,0.0,1.0,17.0,6,6,1.1000504341423325,509041.2821663443,471737,West End,1.0790785589562495,1,Top-100 affected
E02000977,Westminster 018,2024,2302.0,383477805.0,464596.74,0.0,1.0,12.0,6,6,1.1000504341423325,509041.2821663443,471737,West End,1.0790785589562495,1,Top-100 affected
E02000977,Westminster 018,2025,2375.0,392821390.0,487931.74,0.0,1.0,12.0,6,6,1.1000504341423325,509041.2821663443,471737,West End,1.0790785589562495,1,Top-100 affected
E02000978,Westminster 019,2019,262.0,29240375.0,41714.67,0.0,1.0,2.0,1,1,0.6672316482261778,8808.124988233772,13201,West End,0.6672316482261778,1,Top-100 affected
E02000978,Westminster 019,2023,276.0,25877125.0,43687.65,0.0,1.0,2.0,1,1,0.6672316482261778,8808.124988233772,13201,West End,0.6672316482261778,1,Top-100 affected
E02000978,Westminster 019,2024,236.0,20947410.0,34841.82,0.0,1.0,2.0,1,1,0.6672316482261778,8808.124988233772,13201,West End,0.6672316482261778,1,Top-100 affected
E02000978,Westminster 019,2025,245.0,22146560.0,36333.659999999996,0.0,1.0,2.0,1,1,0.6672316482261778,8808.124988233772,13201,West End,0.6672316482261778,1,Top-100 affected
E02000979,Westminster 020,2019,470.0,38364275.0,85369.34000000001,0.0,1.0,1.0,3,2,0.8005260735068029,156421.7627445057,192624,West End,0.8120574941051255,1,Top-100 affected
E02000979,Westminster 020,2023,507.0,33732725.0,84386.12,0.0,1.0,1.0,3,2,0.8005260735068029,156421.7627445057,192624,West End,0.8120574941051255,1,Top-100 affected
E02000979,Westminster 020,2024,426.0,31331625.0,62851.84,0.0,1.0,1.0,3,2,0.8005260735068029,156421.7627445057,192624,West End,0.8120574941051255,1,Top-100 affected
E02000979,Westminster 020,2025,429.0,30732900.0,64164.259999999995,0.0,1.0,1.0,3,2,0.8005260735068029,156421.7627445057,192624,West End,0.8120574941051255,1,Top-100 affected
E02000982,Westminster 023,2019,379.0,27082490.0,37323.89,,,0.0,1,1,0.8812788705680517,240287.73429134383,272658,West End,0.8812788705680517,1,Top-100 affected
E02000982,Westminster 023,2023,434.0,25931070.0,42553.95,,,0.0,1,1,0.8812788705680517,240287.73429134383,272658,West End,0.8812788705680517,1,Top-100 affected
E02000982,Westminster 023,2024,362.0,27370830.0,36444.64,,,0.0,1,1,0.8812788705680517,240287.73429134383,272658,West End,0.8812788705680517,1,Top-100 affected
E02000982,Westminster 023,2025,372.0,27397080.0,38476.45,,,0.0,1,1,0.8812788705680517,240287.73429134383,272658,West End,0.8812788705680517,1,Top-100 affected
E02000983,Westminster 024,2019,57.0,1198250.0,4497.2300000000005,,,0.0,1,1,0.8793443582706166,31334.556862615154,35634,West End,0.8793443582706166,1,Top-100 affected
E02000983,Westminster 024,2023,57.0,1186600.0,4494.5,,,0.0,1,1,0.8793443582706166,31334.556862615154,35634,West End,0.8793443582706166,1,Top-100 affected
E02000983,Westminster 024,2024,54.0,1208100.0,4355.85,,,0.0,1,1,0.8793443582706166,31334.556862615154,35634,West End,0.8793443582706166,1,Top-100 affected
E02000983,Westminster 024,2025,56.0,1138100.0,4521.54,,,0.0,1,1,0.8793443582706166,31334.556862615154,35634,West End,0.8793443582706166,1,Top-100 affected
E02006801,Lambeth 036,2019,385.0,34039550.0,61049.79,0.056140350877192984,1.0,285.0,2,1,0.972897728022712,407261.9504155772,292110,Southbank,1.3942074917516594,1,Top-100 affected
E02006801,Lambeth 036,2023,425.0,29523575.0,74715.28,0.11188811188811189,1.0,286.0,2,1,0.972897728022712,407261.9504155772,292110,Southbank,1.3942074917516594,1,Top-100 affected
E02006801,Lambeth 036,2024,356.0,28929025.0,57397.82,0.06132075471698113,1.0,212.0,2,1,0.972897728022712,407261.9504155772,292110,Southbank,1.3942074917516594,1,Top-100 affected
E02006801,Lambeth 036,2025,405.0,32593425.0,65066.26000000001,0.062146892655367235,1.0,177.0,2,1,0.972897728022712,407261.9504155772,292110,Southbank,1.3942074917516594,1,Top-100 affected
E02006802,Southwark 034,2019,97.0,2756664.0,11786.99,0.04395604395604396,1.0,91.0,2,1,0.8687412081472626,96390.91020700062,115912,Southbank,0.8315869815636053,1,Top-100 affected
E02006802,Southwark 034,2023,121.0,2862714.0,13255.730000000001,0.04597701149425287,1.0,87.0,2,1,0.8687412081472626,96390.91020700062,115912,Southbank,0.8315869815636053,1,Top-100 affected
E02006802,Southwark 034,2024,105.0,3163100.0,11873.13,0.0,1.0,70.0,2,1,0.8687412081472626,96390.91020700062,115912,Southbank,0.8315869815636053,1,Top-100 affected
E02006802,Southwark 034,2025,108.0,3192850.0,12468.53,0.0,1.0,70.0,2,1,0.8687412081472626,96390.91020700062,115912,Southbank,0.8315869815636053,1,Top-100 affected
E02006854,Tower Hamlets 033,2019,585.0,55104585.0,86860.45,0.11213235294117647,1.0,544.0,1,1,0.9982937670249769,168422.14143478384,168710,Canary Wharf,0.9982937670249769,1,Top-100 affected
E02006854,Tower Hamlets 033,2023,672.0,53945335.0,102283.26,0.2028301886792453,1.0,636.0,1,1,0.9982937670249769,168422.14143478384,168710,Canary Wharf,0.9982937670249769,1,Top-100 affected
E02006854,Tower Hamlets 033,2024,613.0,41762330.0,91347.87,0.1955403087478559,1.0,583.0,1,1,0.9982937670249769,168422.14143478384,168710,Canary Wharf,0.9982937670249769,1,Top-100 affected
E02006854,Tower Hamlets 033,2025,631.0,43112580.0,95245.18,0.17637271214642264,1.0,601.0,1,1,0.9982937670249769,168422.14143478384,168710,Canary Wharf,0.9982937670249769,1,Top-100 affected
