MSOA21CD,MSOA21NM,year,retail_units,total_rateable_value,total_floor_area,retail_vacancy_proxy,occupation_classification_completeness,occupation_classified_records,station_count,top100_station_count,mean_station_shock,weighted_shock_numerator,baseline_station_volume,study_submarket,workplace_msoa_station_shock,high_affected_group,comparison_label,retail_units_2019,total_rateable_value_2019,total_floor_area_2019,retail_vacancy_proxy_2019,retail_units_log_change_2019,log_retail_units_2019,total_rateable_value_log_change_2019,log_total_rateable_value_2019,total_floor_area_log_change_2019,log_total_floor_area_2019,retail_vacancy_proxy_change_2019
E02000001,City of London 001,2023,4244.0,186119719.0,470335.38,0.19700214132762311,1.0,3736.0,9,9,1.39432615810236,1179509.7486541523,787484,City,1.497820588931524,1,Top-100 affected,3939.0,194701201.0,425235.13,0.19618894256575417,0.07456109645346842,8.27893600229198,-0.04507596338995157,19.086976643923784,0.10080352620324895,12.96039989361802,0.000813198761868944
E02000001,City of London 001,2024,3549.0,189073545.0,385999.30000000005,0.15863192182410424,1.0,3070.0,9,9,1.39432615810236,1179509.7486541523,787484,City,1.497820588931524,1,Top-100 affected,3939.0,194701201.0,425235.13,0.19618894256575417,-0.10423311982251882,8.27893600229198,-0.029330014317064723,19.086976643923784,-0.09680646796928016,12.96039989361802,-0.03755702074164993
E02000001,City of London 001,2025,3593.0,182669405.0,396294.08,0.15777414075286417,1.0,3055.0,9,9,1.39432615810236,1179509.7486541523,787484,City,1.497820588931524,1,Top-100 affected,3939.0,194701201.0,425235.13,0.19618894256575417,-0.09191493494847514,8.27893600229198,-0.06378809144168329,19.086976643923784,-0.07048552935380137,12.96039989361802,-0.038414801812890004
E02000168,Camden 003,2023,177.0,4715075.0,16137.6,0.25,1.0,132.0,1,0,0.37828538807724943,10136.156973529898,26795,Tech Belt & Midtown,0.37828538807724943,0,Less-affected comparison,169.0,4568875.0,15118.09,0.2631578947368421,0.04598511324182297,5.135798437050262,0.031497811930359276,15.334777780759312,0.06525573430847409,9.623713462737138,-0.01315789473684209
E02000168,Camden 003,2024,165.0,4471850.0,14923.56,0.16129032258064516,1.0,124.0,1,0,0.37828538807724943,10136.156973529898,26795,Tech Belt & Midtown,0.37828538807724943,0,Less-affected comparison,169.0,4568875.0,15118.09,0.2631578947368421,-0.023810648693718406,5.135798437050262,-0.021464805923072205,15.334777780759312,-0.012950005647919482,9.623713462737138,-0.10186757215619693
E02000168,Camden 003,2025,165.0,4471850.0,14923.56,0.184,1.0,125.0,1,0,0.37828538807724943,10136.156973529898,26795,Tech Belt & Midtown,0.37828538807724943,0,Less-affected comparison,169.0,4568875.0,15118.09,0.2631578947368421,-0.023810648693718406,5.135798437050262,-0.021464805923072205,15.334777780759312,-0.012950005647919482,9.623713462737138,-0.0791578947368421
E02000177,Camden 012,2023,127.0,3793455.0,12235.67,0.35294117647058826,1.0,102.0,1,1,0.9851989169031027,16521.78583646503,16770,Tech Belt & Midtown,0.9851989169031026,1,Top-100 affected,125.0,3930205.0,15836.1,0.27956989247311825,0.01574835696813892,4.836281906951478,-0.03541436486890426,15.184202399774504,-0.2579181075709265,9.670110567798998,0.07337128399747
E02000177,Camden 012,2024,117.0,3830655.0,10655.7,0.3157894736842105,1.0,95.0,1,1,0.9851989169031027,16521.78583646503,16770,Tech Belt & Midtown,0.9851989169031026,1,Top-100 affected,125.0,3930205.0,15836.1,0.27956989247311825,-0.06559728248581287,4.836281906951478,-0.025655773910944646,15.184202399774504,-0.39616648648567576,9.670110567798998,0.036219581211092255
E02000177,Camden 012,2025,117.0,3801905.0,10655.7,0.3263157894736842,1.0,95.0,1,1,0.9851989169031027,16521.78583646503,16770,Tech Belt & Midtown,0.9851989169031026,1,Top-100 affected,125.0,3930205.0,15836.1,0.27956989247311825,-0.06559728248581287,4.836281906951478,-0.03318932187919543,15.184202399774504,-0.39616648648567576,9.670110567798998,0.04674589700056597
E02000186,Camden 021,2023,491.0,30371750.0,73276.45999999999,0.19464720194647203,1.0,411.0,2,1,0.7793167946374939,41848.01585416561,69568,Tech Belt & Midtown,0.6015411662569804,1,Top-100 affected,428.0,31510950.0,69077.09,0.16964285714285715,0.1370217975642909,6.061456918928017,-0.036822203231899664,17.265845694172977,0.05901545439935063,11.142992882775882,0.02500434480361488
E02000186,Camden 021,2024,471.0,27943475.0,67137.77,0.17380352644836272,1.0,397.0,2,1,0.7793167946374939,41848.01585416561,69568,Tech Belt & Midtown,0.6015411662569804,1,Top-100 affected,428.0,31510950.0,69077.09,0.16964285714285715,0.09552206665753804,6.061456918928017,-0.12015138066928088,17.265845694172977,-0.028475932338174914,11.142992882775882,0.004160669305505571
E02000186,Camden 021,2025,475.0,27626225.0,67167.56,0.16831683168316833,1.0,404.0,2,1,0.7793167946374939,41848.01585416561,69568,Tech Belt & Midtown,0.6015411662569804,1,Top-100 affected,428.0,31510950.0,69077.09,0.16964285714285715,0.10396093530340345,6.061456918928017,-0.1315695972650559,17.265845694172977,-0.028032322886799577,11.142992882775882,-0.0013260254596888232
E02000187,Camden 022,2023,311.0,32307575.0,47747.84,0.1423611111111111,1.0,288.0,1,1,0.8514210742487138,234897.70875340342,275889,Tech Belt & Midtown,0.8514210742487138,1,Top-100 affected,227.0,32583225.0,36535.25,0.105,0.31365755885504143,5.429345628954441,-0.008495862264897625,17.29930817403857,0.26764985501241334,10.506060197407662,0.03736111111111111
E02000187,Camden 022,2024,292.0,24015925.0,42909.06,0.14760147601476015,1.0,271.0,1,1,0.8514210742487138,234897.70875340342,275889,Tech Belt & Midtown,0.8514210742487138,1,Top-100 affected,227.0,32583225.0,36535.25,0.105,0.2508269800626266,5.429345628954441,-0.305080422467082,17.29930817403857,0.16080137885239232,10.506060197407662,0.04260147601476015
E02000187,Camden 022,2025,305.0,24435775.0,44009.19,0.1519434628975265,1.0,283.0,1,1,0.8514210742487138,234897.70875340342,275889,Tech Belt & Midtown,0.8514210742487138,1,Top-100 affected,227.0,32583225.0,36535.25,0.105,0.2942394729979396,5.429345628954441,-0.2877493281318664,17.29930817403857,0.18611627958879318,10.506060197407662,0.0469434628975265
E02000188,Camden 023,2023,138.0,6392240.0,12939.74,0.36936936936936937,1.0,111.0,1,1,0.6998690058934541,90626.03757314337,129490,Tech Belt & Midtown,0.6998690058934541,1,Top-100 affected,134.0,8648040.0,12779.21,0.24528301886792453,0.029199154692261864,4.90527477843843,-0.30224791017379893,15.972843379270516,0.012482593715372303,9.455653159721406,0.12408635050144484
E02000188,Camden 023,2024,110.0,4414065.0,9149.42,0.21686746987951808,1.0,83.0,1,1,0.6998690058934541,90626.03757314337,129490,Tech Belt & Midtown,0.6998690058934541,1,Top-100 affected,134.0,8648040.0,12779.21,0.24528301886792453,-0.19574457712609572,4.90527477843843,-0.6725365611593794,15.972843379270516,-0.33409810086594227,9.455653159721406,-0.028415548988406453
E02000188,Camden 023,2025,113.0,4170465.0,9159.68,0.17647058823529413,1.0,85.0,1,1,0.6998690058934541,90626.03757314337,129490,Tech Belt & Midtown,0.6998690058934541,1,Top-100 affected,134.0,8648040.0,12779.21,0.24528301886792453,-0.16907633004393396,4.90527477843843,-0.7293050411396447,15.972843379270516,-0.3329774690007099,9.455653159721406,-0.0688124306326304
E02000191,Camden 026,2023,513.0,42845025.0,108515.1,0.18872017353579176,1.0,461.0,3,2,0.8213410857242343,120066.06913111988,145656,West End,0.8243125523913871,1,Top-100 affected,494.0,44950020.0,101530.28,0.1310344827586207,0.03766550288647519,6.20455776256869,-0.047961669143781194,17.621061786067557,0.06653162072415064,11.528122207326998,0.05768569077717106
E02000191,Camden 026,2024,467.0,39054650.0,96158.42000000001,0.14150943396226415,1.0,424.0,3,2,0.8213410857242343,120066.06913111988,145656,West End,0.8243125523913871,1,Top-100 affected,494.0,44950020.0,101530.28,0.1310344827586207,-0.056089466651043196,6.20455776256869,-0.14058925519668364,17.621061786067557,-0.054359489190130006,11.528122207326998,0.010474951203643446
E02000191,Camden 026,2025,472.0,38027150.0,96558.34,0.15011547344110854,1.0,433.0,3,2,0.8213410857242343,120066.06913111988,145656,West End,0.8243125523913871,1,Top-100 affected,494.0,44950020.0,101530.28,0.1310344827586207,-0.04546237407675768,6.20455776256869,-0.1672508235104999,17.621061786067557,-0.0502091867073613,11.528122207326998,0.019080990682487836
E02000193,Camden 028,2023,1168.0,66394245.0,159831.79,0.2853080568720379,1.0,1055.0,3,2,1.1045262926922328,254377.6598818758,211848,Tech Belt & Midtown,1.2007555411515605,1,Top-100 affected,1106.0,72447605.0,152389.21000000002,0.2209660842754368,0.05449502876343093,7.009408932708637,-0.08725322864150087,18.098374182706756,0.047683803931258595,11.934199681326136,0.06434197259660113
E02000193,Camden 028,2024,1027.0,61488900.0,140164.07,0.22054054054054054,1.0,925.0,3,2,1.1045262926922328,254377.6598818758,211848,Tech Belt & Midtown,1.2007555411515605,1,Top-100 affected,1106.0,72447605.0,152389.21000000002,0.2209660842754368,-0.07403848669352708,7.009408932708637,-0.1640069377616733,18.098374182706756,-0.08362360286493775,11.934199681326136,-0.0004255437348962554
E02000193,Camden 028,2025,1044.0,61789435.0,142866.01,0.21624472573839662,1.0,948.0,3,2,1.1045262926922328,254377.6598818758,211848,Tech Belt & Midtown,1.2007555411515605,1,Top-100 affected,1106.0,72447605.0,152389.21000000002,0.2209660842754368,-0.05763676830972564,7.009408932708637,-0.15913121340181746,18.098374182706756,-0.06453020480239857,11.934199681326136,-0.004721358537040171
E02000566,Islington 013,2023,208.0,4868545.0,18988.71,0.04040404040404041,1.0,198.0,1,0,0.5611939493406878,31298.908942628837,55772,Tech Belt & Midtown,0.5611939493406878,0,Less-affected comparison,207.0,4947145.0,18512.289999999994,0.017857142857142856,0.004796172263493048,5.337538079701318,-0.016015514758672467,15.414321402610414,0.025408400959801014,9.826244131534558,0.02254689754689755
E02000566,Islington 013,2024,198.0,4864025.0,17656.849999999995,0.03535353535353535,1.0,198.0,1,0,0.5611939493406878,31298.908942628837,55772,Tech Belt & Midtown,0.5611939493406878,0,Less-affected comparison,207.0,4947145.0,18512.289999999994,0.017857142857142856,-0.04423325497682562,5.337538079701318,-0.016944354601823974,15.414321402610414,-0.04730840884237608,9.826244131534558,0.017496392496392496
E02000566,Islington 013,2025,199.0,4888775.0,17844.589999999997,0.05025125628140704,1.0,199.0,1,0,0.5611939493406878,31298.908942628837,55772,Tech Belt & Midtown,0.5611939493406878,0,Less-affected comparison,207.0,4947145.0,18512.289999999994,0.017857142857142856,-0.03922071315328157,5.337538079701318,-0.0118688792397883,15.414321402610414,-0.036732433674361076,9.826244131534558,0.03239411342426418
E02000575,Islington 022,2023,605.0,22001569.0,69167.86,0.07360861759425494,1.0,557.0,2,1,0.8915349858039401,152008.77938036015,156811,Tech Belt & Midtown,0.9693757413724812,1,Top-100 affected,542.0,20693899.0,57849.43000000001,0.0625,0.109770666135379,6.297109319933935,0.061274843595878536,16.84534952881681,0.17868987471475606,10.96561616561062,0.011108617594254938
E02000575,Islington 022,2024,546.0,21121322.0,60322.61,0.07063197026022305,1.0,538.0,2,1,0.8915349858039401,152008.77938036015,156811,Tech Belt & Midtown,0.9693757413724812,1,Top-100 affected,542.0,20693899.0,57849.43000000001,0.0625,0.007339482488045945,6.297109319933935,0.020444128069048162,16.84534952881681,0.041862682760536174,10.96561616561062,0.008131970260223054
E02000575,Islington 022,2025,558.0,21340472.0,63629.95,0.07832422586520947,1.0,549.0,2,1,0.8915349858039401,152008.77938036015,156811,Tech Belt & Midtown,0.9693757413724812,1,Top-100 affected,542.0,20693899.0,57849.43000000001,0.0625,0.029040153221163933,6.297109319933935,0.03076643972388382,16.84534952881681,0.09523910056920037,10.96561616561062,0.01582422586520947
E02000576,Islington 023,2023,383.0,14397290.0,61656.81,0.0963855421686747,1.0,332.0,1,1,1.2959670993184824,120487.35719073864,92971,Tech Belt & Midtown,1.2959670993184824,1,Top-100 affected,349.0,14963555.0,53539.16,0.04905660377358491,0.09270939810426793,5.857933154483459,-0.03857758095056596,16.52112820279907,0.1411678779664065,10.888187305489751,0.047328938395089795
E02000576,Islington 023,2024,313.0,14158890.0,51921.16,0.11290322580645161,1.0,310.0,1,1,1.2959670993184824,120487.35719073864,92971,Tech Belt & Midtown,1.2959670993184824,1,Top-100 affected,349.0,14963555.0,53539.16,0.04905660377358491,-0.10854016857520588,5.857933154483459,-0.05527487884537052,16.52112820279907,-0.030686352511807513,10.888187305489751,0.0638466220328667
E02000576,Islington 023,2025,320.0,13964490.0,52876.4,0.12063492063492064,1.0,315.0,1,1,1.2959670993184824,120487.35719073864,92971,Tech Belt & Midtown,1.2959670993184824,1,Top-100 affected,349.0,14963555.0,53539.16,0.04905660377358491,-0.08649203135344319,5.857933154483459,-0.06909989436542574,16.52112820279907,-0.012456000100348419,10.888187305489751,0.07157831686133573
E02000577,Kensington and Chelsea 001,2023,198.0,6301855.0,31540.250000000004,0.09743589743589744,1.0,195.0,1,0,0.46903430930761447,6521.922070922379,13905,West End,0.46903430930761447,0,Less-affected comparison,178.0,3755130.0,13197.14,0.07954545454545454,0.10591901888373734,5.187385805840755,0.5177210217599519,15.138633729389419,0.8712203023898208,9.487831189554935,0.017890442890442892
E02000577,Kensington and Chelsea 001,2024,176.0,5943040.0,22118.309999999998,0.08571428571428572,1.0,175.0,1,0,0.46903430930761447,6521.922070922379,13905,West End,0.46903430930761447,0,Less-affected comparison,178.0,3755130.0,13197.14,0.07954545454545454,-0.011236073266926105,5.187385805840755,0.45909778380820576,15.138633729389419,0.5163750721047542,9.487831189554935,0.006168831168831171
E02000577,Kensington and Chelsea 001,2025,183.0,5963360.0,31143.21,0.11538461538461539,1.0,182.0,1,0,0.46903430930761447,6521.922070922379,13905,West End,0.46903430930761447,0,Less-affected comparison,178.0,3755130.0,13197.14,0.07954545454545454,0.02754995176823094,5.187385805840755,0.4625110768799985,15.138633729389419,0.8585524425844451,9.487831189554935,0.03583916083916085
E02000582,Kensington and Chelsea 006,2023,392.0,16908000.0,30831.940000000002,0.20876288659793815,1.0,388.0,1,0,0.49853611802660414,22361.339037965303,44854,West End,0.49853611802660414,0,Less-affected comparison,275.0,17427450.0,27883.75,0.05474452554744526,0.3534087461521116,5.62040086571715,-0.030259664878066417,16.673557164690482,0.10050365460439714,10.235835223389884,0.15401836105049288
E02000582,Kensington and Chelsea 006,2024,317.0,16338675.0,25613.58,0.17665615141955837,1.0,317.0,1,0,0.49853611802660414,22361.339037965303,44854,West End,0.49853611802660414,0,Less-affected comparison,275.0,17427450.0,27883.75,0.05474452554744526,0.14165051706302734,5.62040086571715,-0.06451154872908305,16.673557164690482,-0.08491822379360059,10.235835223389884,0.12191162587211311
E02000582,Kensington and Chelsea 006,2025,335.0,16337875.0,26126.33,0.16417910447761194,1.0,335.0,1,0,0.49853611802660414,22361.339037965303,44854,West End,0.49853611802660414,0,Less-affected comparison,275.0,17427450.0,27883.75,0.05474452554744526,0.19671029424605457,5.62040086571715,-0.06456051350359004,16.673557164690482,-0.06509805149678982,10.235835223389884,0.10943457893016668
E02000588,Kensington and Chelsea 012,2023,530.0,148010450.0,298887.45,0.1362763915547025,1.0,521.0,1,1,0.7264594836856804,34342.64563175685,47274,West End,0.7264594836856804,1,Top-100 affected,473.0,150312650.0,283289.97000000003,0.06223175965665236,0.11355469954686193,6.161207321695077,-0.015434578737512084,18.828228022837653,0.05359589486678473,12.554229810972453,0.07404463189805013
E02000588,Kensington and Chelsea 012,2024,447.0,99722000.0,274859.05000000005,0.13288288288288289,1.0,444.0,1,1,0.7264594836856804,34342.64563175685,47274,West End,0.7264594836856804,1,Top-100 affected,473.0,150312650.0,283289.97000000003,0.06223175965665236,-0.05641408928009195,6.161207321695077,-0.4103311402340246,18.828228022837653,-0.0302124729528348,12.554229810972453,0.07065112322623052
E02000588,Kensington and Chelsea 012,2025,467.0,102934000.0,282709.95000000007,0.1447084233261339,1.0,463.0,1,1,0.7264594836856804,34342.64563175685,47274,West End,0.7264594836856804,1,Top-100 affected,473.0,150312650.0,283289.97000000003,0.06223175965665236,-0.012739025777429802,6.161207321695077,-0.3786294490129407,18.828228022837653,-0.0020495344009976435,12.554229810972453,0.08247666366948153
E02000590,Kensington and Chelsea 014,2023,337.0,32321850.0,55228.79,0.14285714285714285,1.0,336.0,1,0,0.36005434306188666,36420.21690939596,101152,West End,0.36005434306188666,0,Less-affected comparison,310.0,33659850.0,50756.420000000006,0.06451612903225806,0.08325298330378494,5.739792912179234,-0.04056225908115252,17.331816320098003,0.08444466749323709,10.834813093113398,0.07834101382488479
E02000590,Kensington and Chelsea 014,2024,297.0,24426150.0,47670.13999999999,0.11447811447811448,1.0,297.0,1,0,0.36005434306188666,36420.21690939596,101152,West End,0.36005434306188666,0,Less-affected comparison,310.0,33659850.0,50756.420000000006,0.06451612903225806,-0.04269942567382934,5.739792912179234,-0.32065144146666213,17.331816320098003,-0.06273163078889255,10.834813093113398,0.04996198544585642
E02000590,Kensington and Chelsea 014,2025,301.0,23577650.0,48501.61,0.11627906976744186,1.0,301.0,1,0,0.36005434306188666,36420.21690939596,101152,West End,0.36005434306188666,0,Less-affected comparison,310.0,33659850.0,50756.420000000006,0.06451612903225806,-0.029365894804364245,5.739792912179234,-0.356006490307351,17.331816320098003,-0.045440203202778306,10.834813093113398,0.051762940735183796
E02000592,Kensington and Chelsea 016,2023,201.0,16402400.0,43651.58,0.09090909090909091,1.0,198.0,1,0,0.45486870533001234,19939.62456684642,43836,West End,0.45486870533001234,0,Less-affected comparison,191.0,17018450.0,35473.34999999999,0.047872340425531915,0.05077232537342358,5.2574953720277815,-0.03687038187433345,16.649808666391994,0.2074524869523664,10.47656517909787,0.043036750483559
E02000592,Kensington and Chelsea 016,2024,184.0,14320075.0,34412.36,0.09340659340659341,1.0,182.0,1,0,0.45486870533001234,19939.62456684642,43836,West End,0.45486870533001234,0,Less-affected comparison,191.0,17018450.0,35473.34999999999,0.047872340425531915,-0.03713954694945709,5.2574953720277815,-0.17263563964673523,16.649808666391994,-0.030365039040276542,10.47656517909787,0.04553425298106149
E02000592,Kensington and Chelsea 016,2025,184.0,14179325.0,34414.55,0.10989010989010989,1.0,182.0,1,0,0.45486870533001234,19939.62456684642,43836,West End,0.45486870533001234,0,Less-affected comparison,191.0,17018450.0,35473.34999999999,0.047872340425531915,-0.03713954694945709,5.2574953720277815,-0.1825131201882435,16.649808666391994,-0.03030140298964845,10.47656517909787,0.062017769464577974
E02000594,Kensington and Chelsea 018,2023,219.0,30810100.0,42054.78,0.11059907834101383,1.0,217.0,1,1,0.814758575763068,46078.67125228031,56555,West End,0.8147585757630679,1,Top-100 affected,204.0,31473025.0,38791.15000000001,0.0297029702970297,0.07061756721395351,5.3230099791384085,-0.02128827076238693,17.264641419486306,0.08077892581082224,10.565973185554368,0.08089610804398413
E02000594,Kensington and Chelsea 018,2024,192.0,25503260.0,36010.57,0.06282722513089005,1.0,191.0,1,1,0.814758575763068,46078.67125228031,56555,West End,0.8147585757630679,1,Top-100 affected,204.0,31473025.0,38791.15000000001,0.0297029702970297,-0.06031979023352285,5.3230099791384085,-0.2103245351809626,17.264641419486306,-0.07437763086157823,10.565973185554368,0.03312425483386035
E02000594,Kensington and Chelsea 018,2025,201.0,25312760.0,37391.509999999995,0.075,1.0,200.0,1,1,0.814758575763068,46078.67125228031,56555,West End,0.8147585757630679,1,Top-100 affected,204.0,31473025.0,38791.15000000001,0.0297029702970297,-0.014742281737203378,5.3230099791384085,-0.21782220559732224,17.264641419486306,-0.0367474895876132,10.565973185554368,0.045297029702970296
E02000621,Lambeth 004,2023,196.0,7273375.0,34931.94,0.06,1.0,100.0,1,1,0.7688644335428899,80661.56772298458,104910,West End,0.7688644335428899,1,Top-100 affected,194.0,8085825.0,44029.42,0.02631578947368421,0.010204170174241689,5.272999558563747,-0.10589209441536873,15.90562321027707,-0.23145053505942315,10.692636037655019,0.03368421052631579
E02000621,Lambeth 004,2024,182.0,7348550.0,33113.7,0.023529411764705882,1.0,85.0,1,1,0.7688644335428899,80661.56772298458,104910,West End,0.7688644335428899,1,Top-100 affected,194.0,8085825.0,44029.42,0.02631578947368421,-0.06351340572232544,5.272999558563747,-0.0956095013804017,15.90562321027707,-0.28490346611564377,10.692636037655019,-0.002786377708978327
E02000621,Lambeth 004,2025,190.0,7598150.0,34320.15000000001,0.02857142857142857,1.0,70.0,1,1,0.7688644335428899,80661.56772298458,104910,West End,0.7688644335428899,1,Top-100 affected,194.0,8085825.0,44029.42,0.02631578947368421,-0.020726130517116914,5.272999558563747,-0.062207724093880756,15.90562321027707,-0.249118976455998,10.692636037655019,0.0022556390977443615
E02000747,Newham 034,2023,88.0,3290675.0,23890.94,0.0,1.0,11.0,1,0,0.2137491748655419,9916.892967886817,46395,Canary Wharf,0.2137491748655419,0,Less-affected comparison,71.0,2087100.0,16095.679999999998,0.0,0.21197025071608433,4.276666119016055,0.45531699304642004,14.551286579713453,0.3949281240202094,9.68636831852798,0.0
E02000747,Newham 034,2024,78.0,3526860.0,18158.28,0.14285714285714285,1.0,7.0,1,0,0.2137491748655419,9916.892967886817,46395,Canary Wharf,0.2137491748655419,0,Less-affected comparison,71.0,2087100.0,16095.679999999998,0.0,0.09278173345096619,4.276666119016055,0.5246322184644505,14.551286579713453,0.12056868526422448,9.68636831852798,0.14285714285714285
E02000747,Newham 034,2025,100.0,4541610.0,22222.170000000002,,,0.0,1,0,0.2137491748655419,9916.892967886817,46395,Canary Wharf,0.2137491748655419,0,Less-affected comparison,71.0,2087100.0,16095.679999999998,0.0,0.33845439782520437,4.276666119016055,0.7775057731761681,14.551286579713453,0.32252239875648847,9.68636831852798,
E02000808,Southwark 002,2023,634.0,26544935.0,78757.85999999999,0.02895752895752896,1.0,518.0,2,2,0.9913701515699278,266930.3201481571,257984,Southbank,1.0346778100508445,1,Top-100 affected,540.0,24796280.0,66563.13,0.04339250493096647,0.1602057200462106,6.293419278846481,0.0681453127841003,17.026204240212714,0.16822493544688477,11.10592112284896,-0.01443497597343751
E02000808,Southwark 002,2024,534.0,29867560.0,66824.04000000001,0.00954653937947494,1.0,419.0,2,2,0.9913701515699278,266930.3201481571,257984,Southbank,1.0346778100508445,1,Top-100 affected,540.0,24796280.0,66563.13,0.04339250493096647,-0.011152531950474831,6.293419278846481,0.18607929281244395,17.026204240212714,0.003912016736357771,11.10592112284896,-0.033845965551491525
E02000808,Southwark 002,2025,559.0,30219085.0,69464.88,0.009523809523809525,1.0,420.0,2,2,0.9913701515699278,266930.3201481571,257984,Southbank,1.0346778100508445,1,Top-100 affected,540.0,24796280.0,66563.13,0.04339250493096647,0.034517504882713546,6.293419278846481,0.1977800292678218,17.026204240212714,0.04266985290395908,11.10592112284896,-0.033868695407156944
E02000810,Southwark 004,2023,105.0,1662775.0,13219.78,0.011764705882352941,1.0,85.0,1,0,0.4396460438086037,13217.079015018055,30063,Southbank,0.4396460438086037,0,Less-affected comparison,100.0,1607525.0,12458.519999999997,0.022222222222222223,0.04831857727080724,4.61512051684126,0.03379214362414373,14.290206909146626,0.05930484485309151,9.430240268324924,-0.010457516339869282
E02000810,Southwark 004,2024,95.0,2269950.0,11774.669999999998,0.013333333333333334,1.0,75.0,1,0,0.4396460438086037,13217.079015018055,30063,Southbank,0.4396460438086037,0,Less-affected comparison,100.0,1607525.0,12458.519999999997,0.022222222222222223,-0.05077232537342358,4.61512051684126,0.3450618941748971,14.290206909146626,-0.05644945084674724,9.430240268324924,-0.008888888888888889
E02000810,Southwark 004,2025,95.0,2269950.0,11774.669999999998,0.013333333333333334,1.0,75.0,1,0,0.4396460438086037,13217.079015018055,30063,Southbank,0.4396460438086037,0,Less-affected comparison,100.0,1607525.0,12458.519999999997,0.022222222222222223,-0.05077232537342358,4.61512051684126,0.3450618941748971,14.290206909146626,-0.05644945084674724,9.430240268324924,-0.008888888888888889
E02000871,Tower Hamlets 008,2023,43.0,559700.0,3832.6899999999996,0.22580645161290322,1.0,31.0,1,0,0.4274262528297138,6054.065445080067,14164,Canary Wharf,0.4274262528297138,0,Less-affected comparison,46.0,618100.0,3629.1499999999996,0.3448275862068966,-0.06595796779179741,3.8501476017100584,-0.09924916195795674,13.334407153507243,0.054553816114014,8.197029248719202,-0.11902113459399336
E02000871,Tower Hamlets 008,2024,39.0,633575.0,3623.61,0.07142857142857142,1.0,28.0,1,0,0.4274262528297138,6054.065445080067,14164,Canary Wharf,0.4274262528297138,0,Less-affected comparison,46.0,618100.0,3629.1499999999996,0.3448275862068966,-0.16126814759612218,3.8501476017100584,0.024728086469812283,13.334407153507243,-0.0015272734251343678,8.197029248719202,-0.2733990147783252
E02000871,Tower Hamlets 008,2025,39.0,664325.0,3715.0400000000004,0.10714285714285714,1.0,28.0,1,0,0.4274262528297138,6054.065445080067,14164,Canary Wharf,0.4274262528297138,0,Less-affected comparison,46.0,618100.0,3629.1499999999996,0.3448275862068966,-0.16126814759612218,3.8501476017100584,0.07212111832343027,13.334407153507243,0.023384615419240973,8.197029248719202,-0.23768472906403942
E02000874,Tower Hamlets 011,2023,89.0,3535130.0,35970.25,0.16901408450704225,1.0,71.0,2,1,0.48453453357825266,37238.779216458905,65664,Tech Belt & Midtown,0.5671110382623493,1,Top-100 affected,64.0,3437580.0,14890.23,0.15,0.3254224004346282,4.174387269895637,0.027982330301984604,15.05027858431571,0.8819475592253276,9.608527728042073,0.019014084507042256
E02000874,Tower Hamlets 011,2024,78.0,3300725.0,16186.459999999997,0.30303030303030304,1.0,66.0,2,1,0.48453453357825266,37238.779216458905,65664,Tech Belt & Midtown,0.5671110382623493,1,Top-100 affected,64.0,3437580.0,14890.23,0.15,0.1950605825713847,4.174387269895637,-0.040625582075451305,15.05027858431571,0.08346441935429638,9.608527728042073,0.15303030303030304
E02000874,Tower Hamlets 011,2025,80.0,3364975.0,16555.359999999997,0.2463768115942029,1.0,69.0,2,1,0.48453453357825266,37238.779216458905,65664,Tech Belt & Midtown,0.5671110382623493,1,Top-100 affected,64.0,3437580.0,14890.23,0.15,0.22006188477680233,4.174387269895637,-0.021347195523864215,15.05027858431571,0.10599786897284424,9.608527728042073,0.09637681159420292
E02000876,Tower Hamlets 013,2023,290.0,7302980.0,39811.25,0.26153846153846155,1.0,195.0,1,0,0.14419309437444183,6469.223179109333,44865,Tech Belt & Midtown,0.14419309437444183,0,Less-affected comparison,249.0,7503100.0,34628.7,0.14583333333333334,0.1518623493092468,5.521460917862246,-0.027033780791100526,15.830826959719417,0.13946295850996115,10.452466974349992,0.11570512820512821
E02000876,Tower Hamlets 013,2024,247.0,7239060.0,31823.360000000004,0.1511627906976744,1.0,172.0,1,0,0.14419309437444183,6469.223179109333,44865,Tech Belt & Midtown,0.14419309437444183,0,Less-affected comparison,249.0,7503100.0,34628.7,0.14583333333333334,-0.008032171697263557,5.521460917862246,-0.035824899901385265,15.830826959719417,-0.08447966110302652,10.452466974349992,0.005329457364341067
E02000876,Tower Hamlets 013,2025,248.0,7098860.0,32086.57,0.17613636363636365,1.0,176.0,1,0,0.14419309437444183,6469.223179109333,44865,Tech Belt & Midtown,0.14419309437444183,0,Less-affected comparison,249.0,7503100.0,34628.7,0.14583333333333334,-0.004008021397538641,5.521460917862246,-0.05538205311215627,15.830826959719417,-0.07624296763811067,10.452466974349992,0.030303030303030304
E02000877,Tower Hamlets 014,2023,129.0,1702200.0,10301.21,0.24731182795698925,1.0,93.0,1,0,0.413520662238655,20088.833771553862,48580,Tech Belt & Midtown,0.413520662238655,0,Less-affected comparison,121.0,1844700.0,9864.190000000002,0.10666666666666667,0.06351340572232544,4.804021044733257,-0.08039508520323224,14.427827762703089,0.04334603602777065,9.19676767828138,0.14064516129032256
E02000877,Tower Hamlets 014,2024,118.0,1888700.0,9178.410000000003,0.16091954022988506,1.0,87.0,1,0,0.413520662238655,20088.833771553862,48580,Tech Belt & Midtown,0.413520662238655,0,Less-affected comparison,121.0,1844700.0,9864.190000000002,0.10666666666666667,-0.024897551621727132,4.804021044733257,0.023572086445419416,14.427827762703089,-0.07204946688476355,9.19676767828138,0.05425287356321838
E02000877,Tower Hamlets 014,2025,120.0,1912700.0,9425.5,0.14130434782608695,1.0,92.0,1,0,0.413520662238655,20088.833771553862,48580,Tech Belt & Midtown,0.413520662238655,0,Less-affected comparison,121.0,1844700.0,9864.190000000002,0.10666666666666667,-0.008230499136515412,4.804021044733257,0.03619917449654331,14.427827762703089,-0.0454875274347426,9.19676767828138,0.03463768115942027
E02000884,Tower Hamlets 021,2023,562.0,11941190.0,74960.22,0.2701525054466231,1.0,459.0,1,1,0.8029169843683173,36487.75943763381,45444,Tech Belt & Midtown,0.8029169843683173,1,Top-100 affected,471.0,12103740.0,66113.68,0.15774647887323945,0.17630064255413558,6.156978985585555,-0.013520726638521552,16.309025136336395,0.12558010319892787,11.099146088927785,0.11240602657338367
E02000884,Tower Hamlets 021,2024,445.0,11337675.0,55415.219999999994,0.096,1.0,375.0,1,1,0.8029169843683173,36487.75943763381,45444,Tech Belt & Midtown,0.8029169843683173,1,Top-100 affected,471.0,12103740.0,66113.68,0.15774647887323945,-0.056660033565490764,6.156978985585555,-0.06538323934683632,16.309025136336395,-0.176518479260654,11.099146088927785,-0.061746478873239447
E02000884,Tower Hamlets 021,2025,457.0,11547615.0,57143.99,0.09090909090909091,1.0,385.0,1,1,0.8029169843683173,36487.75943763381,45444,Tech Belt & Midtown,0.8029169843683173,1,Top-100 affected,471.0,12103740.0,66113.68,0.15774647887323945,-0.030109801471369657,6.156978985585555,-0.047035569635564656,16.309025136336395,-0.1457990875895394,11.099146088927785,-0.06683738796414854
E02000890,Tower Hamlets 027,2023,126.0,5905525.0,19856.390000000003,0.20588235294117646,1.0,102.0,1,0,0.4840536049054731,31349.24766809806,64764,City,0.4840536049054731,0,Less-affected comparison,121.0,6232400.0,18049.410000000003,0.2222222222222222,0.040166041725334445,4.804021044733257,-0.05387312907733666,15.645272209777156,0.09540783083873627,9.800923678184493,-0.01633986928104575
E02000890,Tower Hamlets 027,2024,103.0,5430075.0,16630.100000000002,0.24705882352941178,1.0,85.0,1,0,0.4840536049054731,31349.24766809806,64764,City,0.4840536049054731,0,Less-affected comparison,121.0,6232400.0,18049.410000000003,0.2222222222222222,-0.15963014559188426,4.804021044733257,-0.13780852164822655,15.645272209777156,-0.08189396266489268,9.800923678184493,0.024836601307189565
E02000890,Tower Hamlets 027,2025,103.0,5430075.0,16630.100000000002,0.23255813953488372,1.0,86.0,1,0,0.4840536049054731,31349.24766809806,64764,City,0.4840536049054731,0,Less-affected comparison,121.0,6232400.0,18049.410000000003,0.2222222222222222,-0.15963014559188426,4.804021044733257,-0.13780852164822655,15.645272209777156,-0.08189396266489268,9.800923678184493,0.010335917312661508
E02000966,Westminster 007,2023,122.0,3991650.0,11984.36,,,0.0,1,1,0.6262284477462899,8114.668225896425,12958,West End,0.6262284477462899,1,Top-100 affected,116.0,3913860.0,10887.300000000001,,0.05001042057466076,4.762173934797756,0.01968057497561304,15.180034912766404,0.09599708674292806,9.295444097221372,
E02000966,Westminster 007,2024,107.0,4002750.0,10347.1,,,0.0,1,1,0.6262284477462899,8114.668225896425,12958,West End,0.6262284477462899,1,Top-100 affected,116.0,3913860.0,10887.300000000001,,-0.08004270767353638,4.762173934797756,0.02245751992610856,15.180034912766404,-0.05088589025901413,9.295444097221372,
E02000966,Westminster 007,2025,108.0,4034750.0,10570.710000000003,,,0.0,1,1,0.6262284477462899,8114.668225896425,12958,West End,0.6262284477462899,1,Top-100 affected,116.0,3913860.0,10887.300000000001,,-0.07082605256861285,4.762173934797756,0.030420234978464578,15.180034912766404,-0.02950725282310529,9.295444097221372,
E02000967,Westminster 008,2023,262.0,14610850.0,33181.8,,,0.0,1,0,0.5608220878297139,52249.55063474312,93166,West End,0.5608220878297139,0,Less-affected comparison,250.0,15901450.0,31676.93,,0.046701093045981246,5.5254529391317835,-0.08464589108230669,16.58192092088835,0.04641144548514653,10.36337550288446,
E02000967,Westminster 008,2024,237.0,13404925.0,30954.07,,,0.0,1,0,0.5608220878297139,52249.55063474312,93166,West End,0.5608220878297139,0,Less-affected comparison,250.0,15901450.0,31676.93,,-0.053182265460308464,5.5254529391317835,-0.17078811157962548,16.58192092088835,-0.023083425586568396,10.36337550288446,
E02000967,Westminster 008,2025,239.0,13445425.0,31319.7,,,0.0,1,0,0.5608220878297139,52249.55063474312,93166,West End,0.5608220878297139,0,Less-affected comparison,250.0,15901450.0,31676.93,,-0.04481401578979227,5.5254529391317835,-0.16777138906406464,16.58192092088835,-0.011341003093335189,10.36337550288446,
E02000970,Westminster 011,2023,890.0,180676485.0,360766.61,,,0.0,2,2,0.8491269237040153,133934.57976191948,134023,West End,0.9993402607158434,1,Top-100 affected,828.0,202173835.0,336635.47,,0.07212427233551377,6.720220155135295,-0.11241983972880476,19.124638459541185,0.06923038735615883,12.726758903057362,
E02000970,Westminster 011,2024,790.0,125966780.0,351013.33,,,0.0,2,2,0.8491269237040153,133934.57976191948,134023,West End,0.9993402607158434,1,Top-100 affected,828.0,202173835.0,336635.47,,-0.046922187367640866,6.720220155135295,-0.4731096722424617,19.124638459541185,0.04182342476809886,12.726758903057362,
E02000970,Westminster 011,2025,801.0,123414640.0,353287.16,,,0.0,2,2,0.8491269237040153,133934.57976191948,134023,West End,0.9993402607158434,1,Top-100 affected,828.0,202173835.0,336635.47,,-0.033111547268780406,6.720220155135295,-0.4935781504661101,19.124638459541185,0.04828041713278708,12.726758903057362,
E02000971,Westminster 012,2023,393.0,28121675.0,61827.729999999996,,,0.0,2,2,0.9060392871129284,72614.62122532193,79000,West End,0.9191724205736953,1,Top-100 affected,362.0,28381505.0,52158.009999999995,,0.08194807503308343,5.8944028342648505,-0.009197068989760027,17.161248293827356,0.17007120579175528,10.86205221635906,
E02000971,Westminster 012,2024,358.0,22792500.0,52607.399999999994,,,0.0,2,2,0.9060392871129284,72614.62122532193,79000,West End,0.9191724205736953,1,Top-100 affected,362.0,28381505.0,52158.009999999995,,-0.011080445776571857,5.8944028342648505,-0.21930615751207938,17.161248293827356,0.00857886543421138,10.86205221635906,
E02000971,Westminster 012,2025,365.0,22709750.0,56385.56,,,0.0,2,2,0.9060392871129284,72614.62122532193,79000,West End,0.9191724205736953,1,Top-100 affected,362.0,28381505.0,52158.009999999995,,0.008230499136515412,5.8944028342648505,-0.22294334413861705,17.161248293827356,0.07793389485729918,10.86205221635906,
E02000972,Westminster 013,2023,3018.0,619172360.0,933286.73,0.0,1.0,2.0,3,3,1.0696472429975648,464741.9847071542,406911,West End,1.1421219497805521,1,Top-100 affected,2724.0,664394795.0,815887.3699999999,0.0,0.10245722260949464,7.9102237070973445,-0.07049286042614966,20.314387103041792,0.13443600145183154,13.612032823117481,0.0
E02000972,Westminster 013,2024,2588.0,501824895.0,751190.6799999999,0.0,1.0,2.0,3,3,1.0696472429975648,464741.9847071542,406911,West End,1.1421219497805521,1,Top-100 affected,2724.0,664394795.0,815887.3699999999,0.0,-0.051196727345806714,7.9102237070973445,-0.28062529898410915,20.314387103041792,-0.08261669191498022,13.612032823117481,0.0
E02000972,Westminster 013,2025,2665.0,500232195.0,797229.59,0.0,1.0,2.0,3,3,1.0696472429975648,464741.9847071542,406911,West End,1.1421219497805521,1,Top-100 affected,2724.0,664394795.0,815887.3699999999,0.0,-0.02188920635869085,7.9102237070973445,-0.28380416245191853,20.314387103041792,-0.02313358473157834,13.612032823117481,0.0
E02000973,Westminster 014,2023,176.0,7160700.0,21199.43,,,0.0,1,0,0.35348060475700527,3077.402145014488,8706,West End,0.35348060475700527,0,Less-affected comparison,166.0,7450800.0,19782.670000000002,,0.05815592015707338,5.117993812416755,-0.039713662182375487,15.823832101354752,0.06916461455671019,9.892612128916564,
E02000973,Westminster 014,2024,160.0,7129250.0,18262.72,,,0.0,1,0,0.35348060475700527,3077.402145014488,8706,West End,0.35348060475700527,0,Less-affected comparison,166.0,7450800.0,19782.670000000002,,-0.03658944743229231,5.117993812416755,-0.044115363570673694,15.823832101354752,-0.07994027152966154,9.892612128916564,
E02000973,Westminster 014,2025,161.0,7123250.0,18518.03,,,0.0,1,0,0.35348060475700527,3077.402145014488,8706,West End,0.35348060475700527,0,Less-affected comparison,166.0,7450800.0,19782.670000000002,,-0.0303974771843718,5.117993812416755,-0.04495732105356964,15.823832101354752,-0.06605799789798894,9.892612128916564,
E02000975,Westminster 016,2023,180.0,6461375.0,20985.73,,,0.0,1,0,0.09698615652529263,1991.7077104034095,20536,West End,0.09698615652529263,0,Less-affected comparison,167.0,6585225.0,20241.340000000004,,0.07453305186256731,5.123963979403259,-0.018986356822972894,15.700339212995795,0.03611388284069683,9.915531729366997,
E02000975,Westminster 016,2024,167.0,6478950.0,19017.190000000002,,,0.0,1,0,0.09698615652529263,1991.7077104034095,20536,West End,0.09698615652529263,0,Less-affected comparison,167.0,6585225.0,20241.340000000004,,0.0,5.123963979403259,-0.016270040487807336,15.700339212995795,-0.06238056078223053,9.915531729366997,
E02000975,Westminster 016,2025,168.0,6470950.0,19107.39,,,0.0,1,0,0.09698615652529263,1991.7077104034095,20536,West End,0.09698615652529263,0,Less-affected comparison,167.0,6585225.0,20241.340000000004,,0.005934735519814716,5.123963979403259,-0.0175055712304637,15.700339212995795,-0.057648944766080845,9.915531729366997,
E02000976,Westminster 017,2023,340.0,21962025.0,58185.42,,,0.0,2,0,0.30127936353329277,12850.423933220754,35955,West End,0.3574029740848492,0,Less-affected comparison,322.0,22375875.0,53693.72,,0.054230154060860514,5.777652323222656,-0.018668543194678477,16.92349397219681,0.08033732151925221,10.891069951640485,
E02000976,Westminster 017,2024,310.0,17907025.0,51987.71000000001,,,0.0,2,0,0.30127936353329277,12850.423933220754,35955,West End,0.3574029740848492,0,Less-affected comparison,322.0,22375875.0,53693.72,,-0.0378594110434225,5.777652323222656,-0.22279026443279903,16.92349397219681,-0.032288093034493315,10.891069951640485,
E02000976,Westminster 017,2025,312.0,17252275.0,52449.64,,,0.0,2,0,0.30127936353329277,12850.423933220754,35955,West End,0.3574029740848492,0,Less-affected comparison,322.0,22375875.0,53693.72,,-0.03144913268250349,5.777652323222656,-0.26003933742976315,16.92349397219681,-0.023442135793251495,10.891069951640485,
E02000977,Westminster 018,2023,2681.0,448087071.0,565185.5700000001,0.0,1.0,17.0,6,6,1.1000504341423325,509041.2821663443,471737,West End,1.0790785589562495,1,Top-100 affected,2480.0,454637781.0,498867.98000000004,0.0,0.07790108014982255,7.816416983691801,-0.014513447718773165,19.935011576355986,0.12481239288270984,13.120098775127136,0.0
E02000977,Westminster 018,2024,2302.0,383477805.0,464596.74,0.0,1.0,12.0,6,6,1.1000504341423325,509041.2821663443,471737,West End,1.0790785589562495,1,Top-100 affected,2480.0,454637781.0,498867.98000000004,0.0,-0.07444908387111582,7.816416983691801,-0.1702192714885271,19.935011576355986,-0.07117154022000527,13.120098775127136,0.0
E02000977,Westminster 018,2025,2375.0,392821390.0,487931.74,0.0,1.0,12.0,6,6,1.1000504341423325,509041.2821663443,471737,West End,1.0790785589562495,1,Top-100 affected,2480.0,454637781.0,498867.98000000004,0.0,-0.04324330320926517,7.816416983691801,-0.14614598565486148,19.935011576355986,-0.022165927659838047,13.120098775127136,0.0
E02000978,Westminster 019,2023,276.0,25877125.0,43687.65,0.0,1.0,2.0,1,1,0.6672316482261778,8808.124988233772,13201,West End,0.6672316482261778,1,Top-100 affected,262.0,29240375.0,41714.67,0.0,0.05186347400957381,5.572154032177765,-0.12219108143458612,17.191061051860302,0.04621150537273522,10.638632116576005,0.0
E02000978,Westminster 019,2024,236.0,20947410.0,34841.82,0.0,1.0,2.0,1,1,0.6672316482261778,8808.124988233772,13201,West End,0.6672316482261778,1,Top-100 affected,262.0,29240375.0,41714.67,0.0,-0.10409389104263322,5.572154032177765,-0.3335354351167794,17.191061051860302,-0.18002974743853528,10.638632116576005,0.0
E02000978,Westminster 019,2025,245.0,22146560.0,36333.659999999996,0.0,1.0,2.0,1,1,0.6672316482261778,8808.124988233772,13201,West End,0.6672316482261778,1,Top-100 affected,262.0,29240375.0,41714.67,0.0,-0.06682249624540226,5.572154032177765,-0.27786826905258266,17.191061051860302,-0.13810473093797704,10.638632116576005,0.0
E02000979,Westminster 020,2023,507.0,33732725.0,84386.12,0.0,1.0,1.0,3,2,0.8005260735068029,156421.7627445057,192624,West End,0.8120574941051255,1,Top-100 affected,470.0,38364275.0,85369.34000000001,0.0,0.07562335356206429,6.154858094016418,-0.12865825001381737,17.462637272048706,-0.011583950356719441,11.35475401266012,0.0
E02000979,Westminster 020,2024,426.0,31331625.0,62851.84,0.0,1.0,1.0,3,2,0.8005260735068029,156421.7627445057,192624,West End,0.8120574941051255,1,Top-100 affected,470.0,38364275.0,85369.34000000001,0.0,-0.0980740807877929,6.154858094016418,-0.20249871132883968,17.462637272048706,-0.30620261270956384,11.35475401266012,0.0
E02000979,Westminster 020,2025,429.0,30732900.0,64164.259999999995,0.0,1.0,1.0,3,2,0.8005260735068029,156421.7627445057,192624,West End,0.8120574941051255,1,Top-100 affected,470.0,38364275.0,85369.34000000001,0.0,-0.09107288532880986,6.154858094016418,-0.22179293953405832,17.462637272048706,-0.2855367909364688,11.35475401266012,0.0
E02000982,Westminster 023,2023,434.0,25931070.0,42553.95,,,0.0,1,1,0.8812788705680517,240287.73429134383,272658,West End,0.8812788705680517,1,Top-100 affected,379.0,27082490.0,37323.89,,0.13517477836825265,5.940171252720432,-0.04344552831255655,17.114397988483887,0.1311357856436608,10.527415675316645,
E02000982,Westminster 023,2024,362.0,27370830.0,36444.64,,,0.0,1,1,0.8812788705680517,240287.73429134383,272658,West End,0.8812788705680517,1,Top-100 affected,379.0,27082490.0,37323.89,,-0.045768418455581106,5.940171252720432,0.01059045378196899,17.114397988483887,-0.023838560946602527,10.527415675316645,
E02000982,Westminster 023,2025,372.0,27397080.0,38476.45,,,0.0,1,1,0.8812788705680517,240287.73429134383,272658,West End,0.8812788705680517,1,Top-100 affected,379.0,27082490.0,37323.89,,-0.018592833076615634,5.940171252720432,0.011549044352669569,17.114397988483887,0.03041195907589689,10.527415675316645,
E02000983,Westminster 024,2023,57.0,1186600.0,4494.5,,,0.0,1,1,0.8793443582706166,31334.556862615154,35634,West End,0.8793443582706166,1,Top-100 affected,57.0,1198250.0,4497.2300000000005,,0.0,4.060443010546419,-0.009770076021617058,13.996373551571915,-0.0006070896244043666,8.411439265049232,
E02000983,Westminster 024,2024,54.0,1208100.0,4355.85,,,0.0,1,1,0.8793443582706166,31334.556862615154,35634,West End,0.8793443582706166,1,Top-100 affected,57.0,1198250.0,4497.2300000000005,,-0.05310982531394792,4.060443010546419,0.008186711681444692,13.996373551571915,-0.03193466688269808,8.411439265049232,
E02000983,Westminster 024,2025,56.0,1138100.0,4521.54,,,0.0,1,1,0.8793443582706166,31334.556862615154,35634,West End,0.8793443582706166,1,Top-100 affected,57.0,1198250.0,4497.2300000000005,,-0.01739174271186883,4.060443010546419,-0.05150190964490875,13.996373551571915,0.005389796846666073,8.411439265049232,
E02006801,Lambeth 036,2023,425.0,29523575.0,74715.28,0.11188811188811189,1.0,286.0,2,1,0.972897728022712,407261.9504155772,292110,Southbank,1.3942074917516594,1,Top-100 affected,385.0,34039550.0,61049.79,0.056140350877192984,0.09860197680453986,5.955837369464831,-0.142333982646889,17.343033671218176,0.2019918661280613,11.019461419668067,0.055747761010918905
E02006801,Lambeth 036,2024,356.0,28929025.0,57397.82,0.06132075471698113,1.0,212.0,2,1,0.972897728022712,407261.9504155772,292110,Southbank,1.3942074917516594,1,Top-100 affected,385.0,34039550.0,61049.79,0.056140350877192984,-0.07810158768519226,5.955837369464831,-0.16267766230583192,17.343033671218176,-0.061682395063007434,11.019461419668067,0.005180403839788149
E02006801,Lambeth 036,2025,405.0,32593425.0,65066.26000000001,0.062146892655367235,1.0,177.0,2,1,0.972897728022712,407261.9504155772,292110,Southbank,1.3942074917516594,1,Top-100 affected,385.0,34039550.0,61049.79,0.056140350877192984,0.05051579013690155,5.955837369464831,-0.0434125016583522,17.343033671218176,0.0637153634358345,11.019461419668067,0.006006541778174251
E02006802,Southwark 034,2023,121.0,2862714.0,13255.730000000001,0.04597701149425287,1.0,87.0,2,1,0.8687412081472626,96390.91020700062,115912,Southbank,0.8315869815636053,1,Top-100 affected,97.0,2756664.0,11786.99,0.04395604395604396,0.21905356606268445,4.584967478670572,0.037748859457725104,14.829532173736661,0.11742413145576869,9.3748364955369,0.0020209675382089134
E02006802,Southwark 034,2024,105.0,3163100.0,11873.13,0.0,1.0,70.0,2,1,0.8687412081472626,96390.91020700062,115912,Southbank,0.8315869815636053,1,Top-100 affected,97.0,2756664.0,11786.99,0.04395604395604396,0.07847161544149461,4.584967478670572,0.13753125975171976,14.829532173736661,0.007280867524169565,9.3748364955369,-0.04395604395604396
E02006802,Southwark 034,2025,108.0,3192850.0,12468.53,0.0,1.0,70.0,2,1,0.8687412081472626,96390.91020700062,115912,Southbank,0.8315869815636053,1,Top-100 affected,97.0,2756664.0,11786.99,0.04395604395604396,0.10638040355857115,4.584967478670572,0.14689263229266736,14.829532173736661,0.05620685196978137,9.3748364955369,-0.04395604395604396
E02006854,Tower Hamlets 033,2023,672.0,53945335.0,102283.26,0.2028301886792453,1.0,636.0,1,1,0.9982937670249769,168422.14143478384,168710,Canary Wharf,0.9982937670249769,1,Top-100 affected,585.0,55104585.0,86860.45,0.11213235294117647,0.13842554006771568,6.373319789577012,-0.021261705635385653,17.824743501149698,0.16344147943000387,11.372069599479296,0.09069783573806882
E02006854,Tower Hamlets 033,2024,613.0,41762330.0,91347.87,0.1955403087478559,1.0,583.0,1,1,0.9982937670249769,168422.14143478384,168710,Canary Wharf,0.9982937670249769,1,Top-100 affected,585.0,55104585.0,86860.45,0.11213235294117647,0.04667513857013006,6.373319789577012,-0.2772381822033445,17.824743501149698,0.05037159224487375,11.372069599479296,0.08340795580667944
E02006854,Tower Hamlets 033,2025,631.0,43112580.0,95245.18,0.17637271214642264,1.0,601.0,1,1,0.9982937670249769,168422.14143478384,168710,Canary Wharf,0.9982937670249769,1,Top-100 affected,585.0,55104585.0,86860.45,0.11213235294117647,0.07556960456984552,6.373319789577012,-0.2454180861187787,17.824743501149698,0.09215058771854778,11.372069599479296,0.06424035920524616
