clean_name,2019_Midweek,2019_Friday,2023_Monday,2023_Midweek,2023_Friday,2024_Monday,2024_Midweek,2024_Friday,2025_Monday,2025_Midweek,2025_Friday,raw_ratio_19_mon,raw_ratio_19_fri,raw_ratio_23_mon,raw_ratio_23_fri,collapse_23_mon,collapse_23_fri,total_collapse_23,raw_ratio_24_mon,raw_ratio_24_fri,collapse_24_mon,collapse_24_fri,total_collapse_24,raw_ratio_25_mon,raw_ratio_25_fri,collapse_25_mon,collapse_25_fri,total_collapse_25,cumulative_collapse_score,shock_rank,top100_affected,geometry
Bank and Monument,228118,210609,118906.0,160968.0,106923.0,117442.0,170980.0,101083.0,131476.0,181300.0,108426.0,1.0,0.9232458639826756,0.7386934049003528,0.6642500372744894,0.26130659509964715,0.28052747032186676,0.5418340654215139,0.6868756579716926,0.5911978009123874,0.3131243420283074,0.35965291156345647,0.6727772535917639,0.725184776613348,0.5980474351902924,0.274815223386652,0.3522338322638676,0.6270490556505196,1.8416603746637974,1,True,POINT Z (-0.088882065096841 51.5134270269479 0)
Chancery Lane,64852,59920,26059.0,34566.0,22999.0,26895.0,37183.0,23642.0,25472.0,35539.0,23381.0,1.0,0.9239499167334855,0.7538911068680206,0.6653648093502286,0.24610889313197937,0.27986918197628463,0.525978075108264,0.7233144178791383,0.635828201059624,0.2766855821208617,0.3118369410026913,0.588522523123553,0.716733729142632,0.657896958271195,0.283266270857368,0.28795170998325204,0.57121798084062,1.6857185790724372,2,True,POINT Z (-0.111543537681388 51.5182506335764 0)
Moorgate,94115,83568,78602.0,102150.0,66164.0,83876.0,115194.0,69474.0,91205.0,119131.0,74439.0,1.0,0.8879349731711205,0.7694762604013705,0.6477141458639256,0.23052373959862948,0.27053876079380434,0.5010625003924338,0.7281282011215862,0.6031043283504349,0.27187179887841384,0.3207787207698978,0.5926505196483116,0.7655857837170845,0.6248499550914539,0.23441421628291548,0.2962886089958814,0.5307028252787969,1.6244158453195423,3,True,POINT Z (-0.089285420587671 51.5183647341257 0)
Cannon Street,26761,23796,12640.0,16582.0,10640.0,13887.0,17766.0,11653.0,13985.0,19200.0,11871.0,1.0,0.8892044392959905,0.7622723435050054,0.6416596309250995,0.2377276564949946,0.27838908290525355,0.5161167394002482,0.7816616008105369,0.6559157942136665,0.21833839918946307,0.2623565906475067,0.4806949898369698,0.7283854166666667,0.61828125,0.2716145833333333,0.30468042817070096,0.5762950115040343,1.5731067407412522,4,True,POINT Z (-0.090385961310068 51.5114746298082 0)
Mansion House,25400,23527,14313.0,18414.0,12747.0,13689.0,18219.0,11789.0,14708.0,18767.0,11956.0,1.0,0.9262598425196851,0.7772890192245031,0.6922450309547084,0.2227109807754969,0.25264488518512385,0.47535586596062074,0.7513584719249136,0.6470717382951864,0.24864152807508644,0.30141445349182927,0.5500559815669157,0.7837160974050195,0.6370757180156658,0.21628390259498054,0.3122062635441021,0.5284901661390826,1.553902013666619,5,True,POINT Z (-0.094079885333069 51.5118179804533 0)
Waterloo,280218,275968,194037.0,274711.0,205805.0,207517.0,284629.0,217417.0,206602.0,265279.0,213680.0,1.0,0.98483323697978,0.7063313809785556,0.74916912682783,0.29366861902144437,0.23929341669526583,0.5329620357167102,0.7290789062252968,0.76386102610767,0.2709210937747032,0.22437525722605844,0.49529635100076164,0.7788102337538968,0.8054915767927352,0.2211897662461032,0.18210358206130173,0.40329334830740493,1.4315517350248768,6,True,POINT Z (-0.114401197448965 51.5034266227996 0)
Liverpool Street,228674,235846,168847.0,211625.0,182760.0,166832.0,222752.0,172229.0,175044.0,226377.0,174669.0,1.0,1.0313634256627338,0.7978594211458948,0.863603071470762,0.2021405788541052,0.16265881649252034,0.36479939534662553,0.7489584829765839,0.7731872216635541,0.25104151702341615,0.25032514977276865,0.5013666667961848,0.7732410978147073,0.7715845691037517,0.2267589021852927,0.2518790661905169,0.47863796837580963,1.34480403051862,7,True,POINT Z (-0.083187103332268 51.5173539786175 0)
St Paul's,54751,54397,28686.0,35476.0,27759.0,28527.0,35816.0,26495.0,28006.0,35211.0,26116.0,1.0,0.9935343646691385,0.808602999210734,0.7824726575713158,0.19139700078926603,0.2124352358643471,0.4038322366536131,0.7964876033057852,0.7397531829350011,0.20351239669421484,0.2554327165307968,0.45894511322501164,0.7953764448609809,0.7417000369202806,0.2046235551390191,0.25347319298082094,0.45809674811984,1.3208740979984648,8,True,POINT Z (-0.097491844834556 51.5149545361712 0)
Old Street,92971,94807,43771.0,59226.0,50266.0,44066.0,58826.0,49430.0,43640.0,57204.0,46476.0,1.0,1.0197480934915188,0.7390504170465674,0.8487150913450174,0.2609495829534326,0.167720835408381,0.42867041836181363,0.7490905381973957,0.8402747084622446,0.2509094618026043,0.17599776471733786,0.4269072265199422,0.7628837144255647,0.8124606670862178,0.23711628557443531,0.2032731688622912,0.4403894544367265,1.2959670993184824,9,True,POINT Z (-0.087610917874237 51.5250870447369 0)
Covent Garden,45823,55717,30841.0,38212.0,40272.0,30351.0,41036.0,39232.0,26236.0,35714.0,34897.0,1.0,1.2159177705519062,0.8071024808960536,1.0539097665654769,0.19289751910394637,0.1332392764626622,0.3261367955666086,0.7396188712350131,0.956038600253436,0.26038112876498687,0.21373087604477625,0.4741120048097631,0.7346138769110153,0.977123816990536,0.2653861230889847,0.19638988700114268,0.46177601009012736,1.262024810466499,10,True,POINT Z (-0.124341543174305 51.5131460789873 0)
Blackfriars,55851,52408,31045.0,38761.0,28270.0,33540.0,41805.0,30827.0,33386.0,41827.0,30667.0,1.0,0.938353834309144,0.800933928433219,0.7293413482624287,0.19906607156678102,0.22274378641037806,0.4218098579771591,0.8022963760315752,0.7373998325559143,0.19770362396842478,0.21415589131276958,0.41185951528119435,0.7981925550481747,0.7331866975876826,0.20180744495182534,0.21864581272001105,0.4204532576718364,1.2541226309301898,11,True,POINT Z (-0.103603883187671 51.5116263548801 0)
Southwark,51940,50432,26649.0,33148.0,26453.0,26644.0,34247.0,25238.0,27288.0,33249.0,25498.0,1.0,0.9709664998074702,0.8039399058766743,0.7980270302884035,0.1960600941233257,0.17811064496391826,0.37417073908724396,0.7779951528601046,0.736940461938272,0.22200484713989543,0.24102380248505217,0.4630286496249476,0.8207164125236849,0.7668802069235165,0.17928358747631512,0.21018880973176857,0.3894723972080837,1.2266717859202751,12,True,POINT Z (-0.10537174281666 51.5042889814589 0)
Oxford Circus,244740,268380,136728.0,177466.0,160339.0,139251.0,177867.0,154692.0,143595.0,178607.0,158048.0,1.0,1.0965923020348125,0.7704461699705859,0.9034913729953906,0.2295538300294141,0.17609181523626238,0.4056456452656765,0.782893960093778,0.8697060162930729,0.21710603990622201,0.20690122055456206,0.4240072604607841,0.8039718488077175,0.8848925294081419,0.19602815119228245,0.1930523971706214,0.38908054836290384,1.2187334540893644,13,True,POINT Z (-0.141605199843146 51.5153213176106 0)
Charing Cross,62361,66017,39925.0,48540.0,44885.0,40519.0,55199.0,47287.0,38339.0,50985.0,42674.0,1.0,1.058626385080419,0.8225175113308612,0.9247012772970746,0.17748248866913885,0.12650837884904087,0.3039908675181797,0.7340531531368322,0.8566640700012681,0.26594684686316783,0.19077770772151004,0.45672455458467787,0.7519662645876238,0.8369912719427283,0.24803373541237617,0.20936103261856076,0.4573947680309369,1.2181101901337945,14,True,POINT Z (-0.127358365578834 51.5073793841553 0)
Farringdon,98706,88177,128933.0,165095.0,123844.0,126030.0,163481.0,119438.0,137368.0,172209.0,123183.0,1.0,0.893329686138634,0.7809624761500954,0.7501377994488022,0.2190375238499046,0.16029007981226995,0.37932760366217455,0.7709152745578997,0.7305925459227678,0.22908472544210035,0.1821691842787494,0.41125390972084974,0.797681886544838,0.7153110464609863,0.20231811345516204,0.19927541023194129,0.4015935236871033,1.1921750370701276,15,True,POINT Z (-0.105166098257485 51.5204720783579 0)
Holborn,107328,107526,61667.0,76347.0,65749.0,59687.0,76723.0,61115.0,57108.0,73790.0,58860.0,1.0,1.0018448121645795,0.8077200151937862,0.8611864251378574,0.19227998480621378,0.14039937654896528,0.33267936135517906,0.7779544595492877,0.7965668704299884,0.22204554045071234,0.20489993983306543,0.42694548028377777,0.7739260062339071,0.7976690608483534,0.22607399376609294,0.20379977900477952,0.42987377277087246,1.1894986144098292,16,True,POINT Z (-0.120390788915067 51.5175798200696 0)
Marylebone,41506,41030,22622.0,29808.0,25475.0,23725.0,30914.0,25148.0,23429.0,29887.0,24746.0,1.0,0.9885317785380426,0.7589237788513151,0.8546363392377885,0.24107622114868488,0.13544879609057636,0.37652501723926124,0.7674516400336417,0.8134825645338681,0.23254835996635825,0.17708000673793,0.40962836670428826,0.7839194298524442,0.8279854117174691,0.21608057014755577,0.16240890814659337,0.37848947829414914,1.1646428622376988,17,True,POINT Z (-0.164215220446776 51.5221606227201 0)
Embankment,67406,71677,43571.0,57083.0,52502.0,44646.0,58500.0,52255.0,48071.0,59921.0,52482.0,1.0,1.0633623119603597,0.7632920484207207,0.9197484364872204,0.23670795157927926,0.13505639033640393,0.3717643419156832,0.7631794871794871,0.8932478632478632,0.23682051282051286,0.15997788035094296,0.3967983931714558,0.8022396154937335,0.8758532067221843,0.19776038450626654,0.17633604570063555,0.3740964302069021,1.1426591652940412,18,True,POINT Z (-0.122144131709805 51.5074532989423 0)
Green Park,126001,133084,80184.0,100494.0,91377.0,86346.0,108494.0,92912.0,83884.0,103820.0,92341.0,1.0,1.0562138395727019,0.7978983819929548,0.9092781658606484,0.20210161800704518,0.13911545958486715,0.34121707759191233,0.7958596788762512,0.856379154607628,0.2041403211237488,0.1891990783286065,0.3933393994523553,0.8079753419379696,0.8894336351377384,0.1920246580620304,0.1579038241938161,0.3499284822558465,1.0844849593001142,19,True,POINT Z (-0.142516829185471 51.5068691045559 0)
Mornington Crescent,13701,13460,7501.0,10448.0,9081.0,7488.0,9854.0,8971.0,6578.0,9713.0,9169.0,1.0,0.9824100430625502,0.717936447166922,0.8691615620214395,0.28206355283307805,0.11527618415633423,0.3973397369894123,0.7598944591029023,0.9103917190988431,0.24010554089709768,0.07330780509856993,0.3134133459956676,0.6772366930917327,0.9439925872541954,0.32276330690826727,0.039105316644150734,0.361868623552418,1.0726217065374979,20,True,POINT Z (-0.1387241182319 51.5347070026989 0)
Leicester Square,93568,122600,60084.0,80100.0,97439.0,61874.0,77284.0,85456.0,63199.0,80668.0,87430.0,1.0,1.3102770177838576,0.7501123595505618,1.2164669163545567,0.24988764044943823,0.07159562455576529,0.3214832650052035,0.8006055587184928,1.1057398685368252,0.19939444128150718,0.15610221844001904,0.3554966597215262,0.7834457281697823,1.0838250607427977,0.2165542718302177,0.17282754254826993,0.3893818143784876,1.0663617391052174,21,True,POINT Z (-0.128306746943324 51.5114061801348 0)
Aldgate,35391,32184,21430.0,27263.0,20652.0,22498.0,28214.0,22625.0,21917.0,26970.0,20681.0,1.0,0.9093837416292277,0.7860470234383596,0.7575101786303782,0.21395297656164036,0.16700712366679982,0.3809601002284402,0.7974055433472744,0.8019068547529595,0.20259445665272557,0.11818650582395007,0.32078096247667565,0.8126436781609195,0.7668149796069708,0.18735632183908046,0.15677513847656277,0.34413146031564323,1.045872523020759,22,True,POINT Z (-0.075822667815969 51.5144938991707 0)
Tottenham Court Road,132723,144037,153658.0,199836.0,196157.0,152005.0,201453.0,188592.0,159698.0,201763.0,191264.0,1.0,1.0852452099485395,0.7689205148221542,0.9815899037210513,0.23107948517784582,0.09551325845741665,0.3265927436352625,0.7545432433371556,0.9361588062724308,0.2454567566628444,0.13737577674558743,0.3828325334084318,0.7915128145398314,0.9479636999846355,0.20848718546016864,0.1264981487183101,0.33498533417847876,1.044410611222173,23,True,POINT Z (-0.130478416245152 51.5164588799847 0)
London Bridge,239224,250176,142236.0,179693.0,176270.0,145779.0,191459.0,169767.0,149457.0,193084.0,170635.0,1.0,1.045781359729793,0.7915500325555253,0.9809508439393855,0.20844996744447475,0.06199241857510085,0.2704423860195756,0.7614110592868447,0.8867015914634465,0.23858894071315528,0.15211570447904055,0.39070464519219583,0.7740517080648837,0.8837345404072838,0.22594829193511634,0.15495286640448291,0.38090115833959926,1.0420481895513707,24,True,POINT Z (-0.089622674026004 51.5050664437801 0)
Bond Street,120419,121335,109905.0,130852.0,118669.0,111238.0,143282.0,119537.0,120293.0,152003.0,126618.0,1.0,1.007606773017547,0.8399183810717452,0.9068948124598784,0.1600816189282548,0.09995165103551251,0.2600332699637673,0.7763571139431331,0.8342778576513449,0.22364288605686689,0.17202039526503232,0.3956632813218992,0.7913856963349407,0.8329967171700559,0.2086143036650593,0.173291863972465,0.3819061676375243,1.037602718923191,25,True,POINT Z (-0.149656033847428 51.514381142575 0)
Temple,32152,30402,23530.0,29078.0,23525.0,26654.0,32113.0,25629.0,28003.0,33990.0,26214.0,1.0,0.9455710375715352,0.8092028337574799,0.809030882454089,0.19079716624252008,0.14439967986764446,0.33519684611016454,0.8300065394077165,0.7980880017438421,0.16999346059228349,0.15597245470469012,0.3259659152969736,0.8238599588114152,0.7712268314210062,0.17614004118858484,0.18437980778079754,0.3605198489693824,1.0216826103765206,26,True,POINT Z (-0.114226122796381 51.5109859451486 0)
Gunnersbury,20106,18439,12963.0,15716.0,12086.0,12205.0,14478.0,11028.0,12448.0,15005.0,11369.0,1.0,0.9170894260419775,0.8248282005599389,0.769025197251209,0.17517179944006112,0.16145015369961446,0.3366219531396756,0.8430031772344246,0.7617074181516784,0.15699682276557536,0.16942950543100788,0.32642632819658324,0.8295901366211262,0.7576807730756414,0.17040986337887376,0.1738201842041951,0.34423004758306885,1.0072783289193277,27,True,POINT Z (-0.275113608793886 51.4917426132631 0)
Canary Wharf,168710,159240,96499.0,115514.0,91121.0,98735.0,119308.0,93202.0,103212.0,122189.0,95802.0,1.0,0.9438681761602751,0.8353879183475597,0.7888307910729435,0.16461208165244035,0.16425745565237193,0.3288695373048123,0.8275639521239145,0.7811881852013277,0.17243604787608546,0.17235456716078879,0.34479061503687425,0.8446914206679815,0.784047663864996,0.15530857933201847,0.16932503535127186,0.32463361468329033,0.9982937670249769,28,True,POINT Z (-0.017726664743273 51.5034310127041 0)
Barbican,38423,34610,17118.0,20711.0,16031.0,17329.0,20514.0,15798.0,17278.0,21339.0,15658.0,1.0,0.9007625640892174,0.8265173096422191,0.7740331224952923,0.17348269035778086,0.14069128385909802,0.31417397421687887,0.8447401774397972,0.7701082187774203,0.15525982256020276,0.1450485960680491,0.30030841862825186,0.809691175781433,0.7337738413233985,0.19030882421856699,0.18538594899829697,0.37569477321686395,0.9901771660619947,29,True,POINT Z (-0.098773979194686 51.5202103844398 0)
White City,32768,31715,23820.0,29340.0,23987.0,25079.0,29309.0,23385.0,25315.0,29553.0,23386.0,1.0,0.967864990234375,0.8118609406952966,0.8175528289025221,0.18813905930470343,0.1553028189349568,0.3434418782396602,0.8556757310041284,0.7978777849807226,0.14432426899587159,0.17563111277791843,0.31995538177379,0.8565966230162758,0.7913240618549724,0.14340337698372418,0.18240243232338849,0.32580580930711267,0.9892030693205629,30,True,POINT Z (-0.224438284364719 51.5122166736237 0)
Chalk Farm,16770,18647,11674.0,14045.0,15702.0,11743.0,15952.0,14910.0,11427.0,15835.0,15491.0,1.0,1.1119260584376864,0.8311854752580989,1.1179779280882876,0.16881452474190106,-0.005442690729907218,0.16337183401199384,0.7361459378134403,0.934679037111334,0.2638540621865597,0.15940540288748484,0.42325946507404455,0.721629302178718,0.9782759709504263,0.278370697821282,0.1201969199957823,0.3985676178170643,0.9851989169031027,31,True,POINT Z (-0.152616492596534 51.5438606020943 0)
Amersham,8184,7597,5519.0,6610.0,5472.0,5494.0,7006.0,5477.0,6291.0,7578.0,5969.0,1.0,0.9282746823069403,0.8349470499243571,0.8278366111951588,0.1650529500756429,0.10819865393955774,0.27325160401520066,0.7841849842991722,0.7817584927205252,0.21581501570082784,0.15783710617022784,0.3736521218710557,0.830166270783848,0.7876748482449195,0.16983372921615203,0.1514636095779358,0.32129733879408784,0.9682010646803442,32,True,POINT Z (-0.607682857863921 51.6741494619535 0)
Kew Gardens,11810,13090,10148.0,14205.0,10690.0,8893.0,10183.0,11137.0,9593.0,10789.0,10654.0,1.0,1.1083827265029635,0.7143963393171419,0.7525519183386131,0.28560366068285814,0.3210360461742535,0.6066397068571117,0.8733182755573013,1.0936855543552981,0.12668172444269865,0.013260015512905121,0.13994173995560377,0.8891463527667068,0.9874872555380481,0.11085364723329316,0.10907375951838438,0.21992740675167755,0.966508853564393,33,True,POINT Z (-0.285018368341176 51.4769978542773 0)
Warren Street,64520,63413,46267.0,54940.0,46398.0,46790.0,55396.0,46138.0,46134.0,55035.0,43873.0,1.0,0.9828425294482331,0.8421368765926466,0.8445212959592282,0.15786312340735342,0.14073590564569727,0.2985990290530507,0.8446458228030905,0.8328760199292368,0.15535417719690947,0.15258447312326562,0.3079386503201751,0.8382665576451349,0.7971836104297265,0.1617334423548651,0.18889996459833236,0.35063340695319745,0.9571710863264232,34,True,POINT Z (-0.138316275529769 51.5245289307367 0)
Piccadilly Circus,111832,139151,68110.0,83733.0,88341.0,68486.0,83022.0,92256.0,64829.0,76172.0,77907.0,1.0,1.2442860719650906,0.813418843227879,1.0550320662104546,0.18658115677212095,0.15209846836567786,0.3386796251377988,0.8249138782491388,1.1112235311122354,0.17508612175086125,0.10693886546741671,0.28202498721827796,0.8510870136007982,1.0227773985191408,0.1489129863992018,0.17802069671657006,0.32693368311577187,0.9476382954718486,35,True,POINT Z (-0.133662111522037 51.5100620986633 0)
Great Portland Street,29448,26309,17650.0,21472.0,16497.0,18086.0,22582.0,17791.0,18427.0,22483.0,17473.0,1.0,0.8934053246400435,0.8220007451564829,0.7683029061102832,0.17799925484351709,0.1400287362067879,0.318027991050305,0.8009033743689664,0.7878398724647949,0.19909662563103359,0.11816076003104337,0.31725738566207695,0.8195970288662545,0.7771649690877552,0.18040297113374548,0.13010931583502927,0.31051228696877475,0.9457976636811567,36,True,POINT Z (-0.144265574194803 51.5238482366569 0)
Borough,18760,19147,11447.0,14707.0,13109.0,11675.0,14141.0,12830.0,11481.0,13725.0,11999.0,1.0,1.0206289978678038,0.7783368463996736,0.8913442578364045,0.2216631536003264,0.12667163122102953,0.34833478482135594,0.8256134643943144,0.9072908563750796,0.17438653560568562,0.11104734602828159,0.2854338816339672,0.8365027322404371,0.8742440801457195,0.16349726775956286,0.14342617937359903,0.3069234471331619,0.940692113588485,37,True,POINT Z (-0.093287238298321 51.501192719769 0)
South Kenton,4689,5048,1813.0,3137.0,3015.0,3202.0,3414.0,3087.0,2983.0,3130.0,2913.0,1.0,1.0765621667732992,0.5779407076824992,0.9611093401338858,0.42205929231750083,0.10724213631382906,0.5293014286313299,0.9379027533684827,0.9042179261862917,0.06209724663151728,0.16008758797790767,0.22218483460942495,0.953035143769968,0.9306709265175719,0.04696485623003199,0.135515852923753,0.182480709153785,0.9339669723945399,38,True,POINT Z (-0.308350944844092 51.5702149819473 0)
Theydon Bois,2944,2992,2179.0,2552.0,2329.0,2156.0,2545.0,2205.0,2086.0,2569.0,2157.0,1.0,1.016304347826087,0.8538401253918495,0.9126175548589341,0.1461598746081505,0.10202336848104876,0.24818324308919926,0.8471512770137525,0.8664047151277013,0.15284872298624752,0.14749482575670025,0.3003435487429478,0.8119891008174387,0.8396263137407551,0.1880108991825613,0.173843627121396,0.3618545263039573,0.9103813181361043,39,True,POINT Z (0.103354074905424 51.6718358056893 0)
Goodge Street,30496,28413,16886.0,19853.0,16595.0,16705.0,20684.0,17092.0,16827.0,20121.0,15522.0,1.0,0.9316959601259182,0.8505515539213218,0.8358938195738679,0.14944844607867824,0.10282554036093783,0.25227398643961607,0.8076290852833108,0.8263391993811642,0.1923709147166892,0.11308062420976372,0.30545153892645294,0.8362904428209333,0.7714328313702102,0.16370955717906666,0.17201226109647239,0.33572181827553904,0.893447343641608,40,True,POINT Z (-0.134317418003295 51.5206035646107 0)
Victoria,272658,286045,170434.0,202988.0,187908.0,169450.0,204933.0,186542.0,174142.0,204532.0,182555.0,1.0,1.0490981375936155,0.8396259877431178,0.9257098941809369,0.1603740122568822,0.1176136330731673,0.2779876453300495,0.8268556064665037,0.9102584747210064,0.1731443935334963,0.1323419210247333,0.3054863145582296,0.8514168932000861,0.8925498210548961,0.14858310679991393,0.14922180387985862,0.29780491067977255,0.8812788705680517,41,True,POINT Z (-0.14306445018881 51.4964021600764 0)
Pimlico,35634,35958,21139.0,25488.0,22803.0,22402.0,26819.0,22647.0,22707.0,27389.0,24971.0,1.0,1.009092439804681,0.8293706842435656,0.8946563088512242,0.17062931575643436,0.1134050027920207,0.28403431854845507,0.8353033297289235,0.8444386442447519,0.16469667027107648,0.16317018051567145,0.32786685078674793,0.8290554602212568,0.9117163824893205,0.17094453977874324,0.09649864915667039,0.26744318893541363,0.8793443582706166,42,True,POINT Z (-0.133683792044099 51.489083026302 0)
Chiswick Park,8655,8272,6488.0,7782.0,6488.0,6642.0,7827.0,6623.0,6325.0,7662.0,6265.0,1.0,0.9557481224725592,0.8337188383448985,0.8337188383448985,0.16628116165510154,0.1276793343961441,0.29396049605124563,0.8486009965504024,0.8461735019803245,0.15139900344959756,0.11464801019829451,0.26604701364789207,0.825502479770295,0.8176716262072566,0.174497520229705,0.14446954487139674,0.31896706510110173,0.8789745748002394,43,True,POINT Z (-0.26854880833146 51.4946682889916 0)
East Finchley,23225,22772,15974.0,18929.0,16341.0,16230.0,19326.0,16546.0,16299.0,19390.0,16161.0,1.0,0.9804951560818084,0.8438903270114639,0.863278567277722,0.15610967298853606,0.1195483609245962,0.27565803391313226,0.8398013039428749,0.856152333643796,0.1601986960571251,0.1268163556614631,0.2870150517185882,0.840587931923672,0.8334708612686952,0.15941206807632802,0.14994902718402225,0.30936109526035027,0.8720341808920707,44,True,POINT Z (-0.165018716089878 51.5871566525116 0)
Clapham South,26492,26812,18301.0,22550.0,20249.0,18938.0,22392.0,20416.0,17914.0,21745.0,19189.0,1.0,1.0120791182243696,0.8115742793791574,0.897960088691796,0.18842572062084262,0.11275702410774802,0.30118274472859063,0.8457484816005716,0.9117541979278314,0.1542515183994284,0.09912754693778492,0.2533790653372133,0.8238215681765924,0.8824557369510232,0.17617843182340764,0.1280763321159739,0.30425476393938156,0.8588165740051855,45,True,POINT Z (-0.147186832640558 51.4532375285868 0)
King's Cross St Pancras,275889,305233,196524.0,235401.0,243875.0,201826.0,241972.0,238517.0,199415.0,243219.0,223985.0,1.0,1.1063616164471943,0.8348477704002957,1.0359981478413431,0.16515222959970433,0.06359897845318063,0.22875120805288496,0.8340882416147323,0.9857214884366786,0.16591175838526773,0.10904222111204609,0.2749539794973138,0.8198989388164576,0.9209190071499348,0.1801010611835424,0.16761482551497264,0.34771588669851505,0.8514210742487138,46,True,POINT Z (-0.124750344185488 51.529787127414 0)
Tooting Bec,24987,25616,17890.0,21723.0,20129.0,18558.0,21710.0,20016.0,18179.0,22228.0,19564.0,1.0,1.0251730900068035,0.823551074897574,0.9266215531924689,0.17644892510242605,0.09613160721345171,0.27258053231587775,0.8548134500230309,0.9219714417319208,0.14518654997696911,0.1006675353468337,0.24585408532380282,0.8178423609861436,0.8801511606982184,0.1821576390138564,0.1414609208164278,0.3236185598302842,0.8420531774699648,47,True,POINT Z (-0.15920812954631 51.4358993700234 0)
Shepherd's Bush,61396,65661,34467.0,41136.0,39702.0,35060.0,42162.0,39729.0,34450.0,41409.0,39052.0,1.0,1.0694670662583883,0.8378792298716453,0.9651400233372228,0.16212077012835469,0.09755049614212197,0.25967126627047665,0.8315544803377449,0.9422940088231109,0.16844551966225507,0.11891255135158296,0.28735807101383803,0.8319447463111884,0.943080006761815,0.16805525368881158,0.11817760778622943,0.286232861475041,0.8332621987593557,48,True,POINT Z (-0.218811085425774 51.5043540320894 0)
Croxley,4036,3767,2871.0,3353.0,2741.0,2846.0,3433.0,2732.0,2956.0,3424.0,2880.0,1.0,0.9333498513379583,0.8562481359976141,0.8174768863704146,0.14375186400238593,0.12414740817865844,0.26789927218104437,0.8290125254879115,0.7958054180017478,0.1709874745120885,0.14736642764665409,0.3183539021587426,0.8633177570093458,0.8411214953271028,0.13668224299065423,0.09881434692323143,0.23549658991388567,0.8217497642536726,49,True,POINT Z (-0.441746350839895 51.647081796 0)
Loughton,11626,11731,8446.0,9926.0,9037.0,8098.0,9666.0,8556.0,8207.0,9742.0,8549.0,1.0,1.0090314811629106,0.850896635099738,0.9104372355430184,0.149103364900262,0.09771176366693957,0.24681512856720156,0.8377819159942065,0.8851644941030415,0.16221808400579352,0.1227582978056464,0.2849763818114399,0.8424348183124615,0.8775405460890987,0.15756518168753852,0.13031400657813808,0.2878791882656766,0.8196706986443181,50,True,POINT Z (0.055364592448419 51.6413140398805 0)
Sloane Square,56555,55656,38307.0,47265.0,44962.0,39163.0,47253.0,44469.0,39017.0,51494.0,43852.0,1.0,0.9841039695871275,0.8104728657569026,0.9512747275997038,0.18952713424309742,0.03335952602771941,0.22288666027081683,0.8287939390091634,0.9410831058345502,0.17120606099083657,0.04371577097755874,0.21492183196839532,0.7576999262049947,0.8515943605080204,0.2423000737950053,0.13465000972885055,0.37695008352385584,0.814758575763068,51,True,POINT Z (-0.156310789558297 51.4923380170884 0)
Upminster,16484,15691,14913.0,18151.0,14767.0,13942.0,16230.0,14106.0,15262.0,17787.0,15071.0,1.0,0.9518927444794952,0.8216076249242465,0.8135639909646851,0.17839237507575345,0.14531968471978396,0.3237120597955374,0.859026494146642,0.8691312384473198,0.140973505853358,0.08694415049610482,0.22791765634946282,0.8580423905099229,0.8473042109405746,0.14195760949007707,0.1098742837840525,0.2518318932741296,0.8034616094191298,52,True,POINT Z (0.251143119887474 51.5590893129807 0)
Aldgate East,45444,48548,31271.0,36864.0,36061.0,33969.0,40192.0,37880.0,33581.0,39676.0,36425.0,1.0,1.0683038464923862,0.8482801649305556,0.9782172309027778,0.15171983506944442,0.084326772654984,0.23604660772442843,0.8451681926751592,0.9424761146496815,0.1548318073248408,0.11778271907925908,0.2726145264040999,0.8463806835366469,0.9180612965016635,0.15361931646335314,0.1406365337764358,0.29425585023978895,0.8029169843683173,53,True,POINT Z (-0.071127223916364 51.5154283167147 0)
Roding Valley,1677,1832,1022.0,980.0,770.0,537.0,632.0,539.0,684.0,751.0,734.0,1.0,1.0924269528920691,1.042857142857143,0.7857142857142857,-0.04285714285714293,0.2807626325639426,0.2379054897067997,0.8496835443037974,0.8528481012658228,0.15031645569620256,0.21930880686529208,0.36962526256149464,0.9107856191744341,0.9773635153129161,0.08921438082556588,0.1053282668232749,0.19454264764884077,0.8020733999171351,54,True,POINT Z (0.04373608548952 51.6170800915503 0)
Tufnell Park,12934,13748,13113.0,16807.0,16529.0,12920.0,16342.0,15867.0,9264.0,10630.0,10420.0,1.0,1.062934900262873,0.7802106265246623,0.9834592729219968,0.21978937347533767,0.074769985745337,0.29455935922067467,0.7906009056419043,0.9709337902337535,0.20939909435809567,0.08655385198695309,0.29595294634504876,0.8714957666980244,0.980244590780809,0.12850423330197558,0.07779433101840372,0.2062985643203793,0.7968108698861027,55,True,POINT Z (-0.13843964784622 51.5568469062101 0)
Paddington TfL,158116,160469,139849.0,163011.0,157179.0,154454.0,186973.0,168891.0,164370.0,200375.0,177027.0,1.0,1.0148814794201726,0.8579114292900479,0.9642232732760366,0.14208857070995207,0.049915391276110666,0.19200396198606273,0.8260764923277693,0.9032908494809411,0.17392350767223075,0.10995434659324566,0.2838778542654764,0.8203119151590768,0.8834784778540237,0.17968808484092325,0.12947620409944105,0.3091642889403643,0.7850461051919034,56,True,POINT Z (-0.17596495802982 51.516563062743 0)
Clapham Common,29894,33176,21082.0,26407.0,26509.0,20967.0,25230.0,25943.0,20242.0,24141.0,24576.0,1.0,1.109787917307821,0.79834892263415,1.0038626121861627,0.20165107736584997,0.09544643933285657,0.29709751669870654,0.8310344827586207,1.028260007927071,0.16896551724137931,0.07346260317784359,0.2424281204192229,0.8384905347748643,1.018019137566795,0.16150946522513565,0.08269037562027448,0.24419984084541013,0.7837254779633396,57,True,POINT Z (-0.137167009784716 51.4622112335521 0)
Putney Bridge,19481,19256,14803.0,17549.0,16582.0,14106.0,17098.0,15193.0,13892.0,16330.0,13778.0,1.0,0.9884502848929726,0.8435238475126788,0.944897145136475,0.15647615248732116,0.04406204380953105,0.2005381962968522,0.8250087729559012,0.8885834600538075,0.17499122704409875,0.10103373570273033,0.2760249627468291,0.8507042253521127,0.8437232088181261,0.14929577464788735,0.14641816415735798,0.2957139388052453,0.7722770978489266,58,True,POINT Z (-0.208703119435311 51.4682560043575 0)
Vauxhall,104910,108883,59557.0,72305.0,67787.0,60929.0,71718.0,68371.0,62195.0,74393.0,69489.0,1.0,1.0378705557144219,0.8236913076550723,0.9375146946960791,0.17630869234492774,0.09669400530325534,0.2730026976481831,0.8495635684207591,0.9533311023731839,0.15043643157924091,0.08145471790848235,0.23189114948772327,0.8360329600903311,0.9340798193378409,0.16396703990966888,0.10000354649731469,0.26397058640698357,0.7688644335428899,59,True,POINT Z (-0.124227036738512 51.4856984493909 0)
Wanstead,9102,9050,5777.0,6838.0,6364.0,5585.0,6715.0,6045.0,5562.0,6590.0,5737.0,1.0,0.994286969896726,0.8448376718338696,0.9306814858145657,0.1551623281661304,0.0639709520569971,0.2191332802231275,0.8317200297840656,0.9002233804914371,0.16827997021593444,0.09460406527811493,0.2628840354940494,0.8440060698027314,0.8705614567526555,0.1559939301972686,0.12443642216987072,0.2804303523671393,0.7624476680843162,60,True,POINT Z (0.028647479421731 51.5756029971839 0)
Balham,42436,43612,28102.0,33792.0,32007.0,28748.0,33697.0,32263.0,27575.0,34227.0,31984.0,1.0,1.0277123197285323,0.8316169507575758,0.9471768465909091,0.1683830492424242,0.07836382963560895,0.24674687887803315,0.8531323263198505,0.9574442828738463,0.14686767368014952,0.06837325534177419,0.2152409290219237,0.8056505098314196,0.9344669413036492,0.19434949016858039,0.09073101162153396,0.28508050179011435,0.7470683096900712,61,True,POINT Z (-0.15266560362294 51.4436277491606 0)
Southfields,19688,19485,15252.0,17618.0,15880.0,15391.0,17803.0,15689.0,15317.0,17719.0,15322.0,1.0,0.9896891507517269,0.865705528436826,0.9013508911340674,0.13429447156317398,0.08925859149871596,0.22355306306188993,0.8645172161995169,0.8812559680952649,0.13548278380048306,0.10956286888069922,0.24504565268118228,0.8644393024437045,0.8647214854111406,0.13556069755629552,0.12626961227741673,0.26183030983371225,0.7304290255767845,62,True,POINT Z (-0.206629303693064 51.4450797805852 0)
Stamford Brook,9269,9072,6592.0,7852.0,7144.0,6496.0,7830.0,7072.0,6637.0,7934.0,7091.0,1.0,0.9787463588305103,0.8395313295975547,0.9098318899643403,0.16046867040244528,0.0704109581041149,0.23087962850656019,0.8296296296296296,0.9031928480204342,0.1703703703703704,0.07719416795619438,0.24756453832656478,0.8365263423241744,0.8937484245021426,0.16347365767582556,0.08684367871358467,0.2503173363894102,0.7287615032225352,63,True,POINT Z (-0.245978135514486 51.4949190385423 0)
Knightsbridge,47274,55828,37396.0,44640.0,42695.0,40132.0,42661.0,44245.0,37512.0,40793.0,42751.0,1.0,1.1809451284003891,0.8377240143369176,0.9564292114695341,0.16227598566308243,0.1901154520489583,0.35239143771204073,0.9407186892009095,1.0371299313190032,0.05928131079909049,0.12177974541136061,0.1810610562104511,0.9195695339886746,1.0479984311033756,0.08043046601132542,0.11257652375186311,0.19300698976318853,0.7264594836856804,64,True,POINT Z (-0.161441486053111 51.5012424520044 0)
Wood Lane,15160,15438,13760.0,16490.0,15379.0,15316.0,17069.0,15605.0,15822.0,18148.0,15878.0,1.0,1.0183377308707124,0.834445118253487,0.9326258338386901,0.165554881746513,0.08416843885253644,0.24972332059904945,0.8972991973753588,0.9142304763020681,0.10270080262464121,0.10223254173213159,0.2049333443567728,0.8718316067886268,0.8749173462640512,0.1281683932113732,0.1408377400334878,0.269006133244861,0.7236627982006832,65,True,POINT Z (-0.223566003960841 51.5101420095008 0)
West Finchley,5574,5374,4103.0,4828.0,4075.0,4171.0,4835.0,4257.0,4249.0,4864.0,4249.0,1.0,0.964119124506638,0.84983429991715,0.8440347970173985,0.15016570008285002,0.12455341299311884,0.27471911307596886,0.8626680455015512,0.8804550155118924,0.13733195449844882,0.08677777140616139,0.2241097259046102,0.8735608552631579,0.8735608552631579,0.12643914473684215,0.09392850628268667,0.22036765101952882,0.7191964900001079,66,True,POINT Z (-0.188317206667133 51.6094899674085 0)
Highgate,18732,18687,12872.0,15463.0,14517.0,13066.0,15585.0,14257.0,13097.0,15368.0,13799.0,1.0,0.9975976937860346,0.8324387246976654,0.9388217034210696,0.16756127530233456,0.058917528309333944,0.2264788036116685,0.8383702277831248,0.9147898620468399,0.16162977221687524,0.08300724054896957,0.24463701276584482,0.8522254034357105,0.8979047371160854,0.14777459656428948,0.09993302640025081,0.2477076229645403,0.7188234393420536,67,True,POINT Z (-0.146442109971085 51.5778466191736 0)
Totteridge and Whetstone,8567,8419,6033.0,7164.0,6460.0,5951.0,7020.0,6382.0,6415.0,7399.0,6454.0,1.0,0.9827244076105988,0.8421273031825796,0.9017308766052484,0.15787269681742044,0.08241733936605733,0.24029003618347777,0.8477207977207977,0.9091168091168091,0.15227920227920233,0.07490156744224918,0.22718076972145151,0.8670090552777402,0.8722800378429517,0.1329909447222598,0.11238590281499372,0.24537684753725353,0.7128476534421828,68,True,POINT Z (-0.179179947727096 51.6305906764516 0)
Turnham Green,19533,20278,13772.0,16414.0,15747.0,13956.0,16604.0,16043.0,13806.0,16621.0,15917.0,1.0,1.0381405826037986,0.8390398440355794,0.9593639575971732,0.1609601559644206,0.07588242510377818,0.23684258106819878,0.8405203565405927,0.9662129607323536,0.15947964345940735,0.06928504970978078,0.22876469316918813,0.8306359424824018,0.9576439444076771,0.1693640575175982,0.07753924617244512,0.24690330369004332,0.7125105779274302,69,True,POINT Z (-0.254527388575046 51.4949587165302 0)
Oval,23513,24109,15958.0,19501.0,18579.0,15237.0,17873.0,17032.0,14642.0,17285.0,16159.0,1.0,1.0253476800068047,0.8183170093841341,0.952720373314189,0.1816829906158659,0.07083188279329178,0.2525148734091577,0.852514966709562,0.9529457841436804,0.14748503329043805,0.07061204435810864,0.2180970776485467,0.8470928550766561,0.9348568122649696,0.1529071449233439,0.08825383770433315,0.24116098262767705,0.7117729336853814,70,True,POINT Z (-0.112380891880082 51.4818384288355 0)
Kensal Green,8227,8110,5434.0,6435.0,6162.0,5765.0,6844.0,6219.0,5625.0,6810.0,5932.0,1.0,0.9857785340950529,0.8444444444444444,0.9575757575757575,0.15555555555555556,0.028609647647872105,0.18416520320342766,0.842343658679135,0.9086791350087668,0.15765634132086503,0.07821168388198219,0.23586802520284722,0.8259911894273128,0.871071953010279,0.17400881057268724,0.116361410922865,0.29037022149555225,0.7104034499018271,71,True,POINT Z (-0.224454457556846 51.5305736054161 0)
Buckhurst Hill,6275,6240,5589.0,6583.0,5850.0,6721.0,7577.0,6850.0,6813.0,7637.0,6580.0,1.0,0.9944223107569721,0.8490050129120462,0.8886525900045572,0.15099498708795378,0.106362980404071,0.2573579674920248,0.8870265276494654,0.9040517355153754,0.11297347235053457,0.09087746148093256,0.20385093383146713,0.892104229409454,0.8615948670944088,0.107895770590546,0.13357246938823475,0.24146823997878075,0.7026771413022727,72,True,POINT Z (0.046850474676384 51.6259845361285 0)
Hanger Lane,12043,11883,7837.0,9091.0,8355.0,8331.0,9684.0,8626.0,8024.0,9058.0,7658.0,1.0,0.9867142738520303,0.8620613793862061,0.919040809591904,0.13793862061379392,0.06858466128794916,0.20652328190174307,0.8602850061957868,0.8907476249483685,0.13971499380421315,0.09725880272210718,0.23697379652632033,0.8858467652903511,0.8454404945904173,0.11415323470964889,0.14317597607065602,0.2573292107803049,0.7008262892083683,73,True,POINT Z (-0.292661519529402 51.5301868520695 0)
Euston,129490,135581,82849.0,100695.0,101094.0,87388.0,105805.0,102047.0,92897.0,109576.0,105968.0,1.0,1.0470383813421886,0.822771736431799,1.0039624608967674,0.17722826356820098,0.04114072722931372,0.2183689907975147,0.8259345021501819,0.9644818297812012,0.17406549784981806,0.07884768412706988,0.25291318197688795,0.8477860115353727,0.9670730816967219,0.1522139884646273,0.07637284465442418,0.22858683311905148,0.6998690058934541,74,True,POINT Z (-0.134572986979356 51.5280864880292 0)
Bethnal Green,45596,50672,27909.0,33395.0,33923.0,26835.0,31470.0,32558.0,25462.0,30014.0,30730.0,1.0,1.1113255548732346,0.8357239107650846,1.0158107501122922,0.16427608923491543,0.08594673661746,0.25022282585237543,0.8527168732125834,1.03457260883381,0.14728312678741662,0.06906432206373536,0.21634744885115198,0.8483374425268209,1.023855534084094,0.15166255747317914,0.07870782814772759,0.23037038562090673,0.6969406603244341,75,True,POINT Z (-0.054663268097705 51.5272388869757 0)
Mill Hill East,5023,4783,5141.0,5915.0,4959.0,5082.0,5678.0,4880.0,5047.0,5803.0,4899.0,1.0,0.9522197889707347,0.8691462383770077,0.8383770076077769,0.13085376162299234,0.1195551517428678,0.25040891336586013,0.8950334624867912,0.8594575554772808,0.10496653751320884,0.0974168301981223,0.20238336771133114,0.8697225572979493,0.8442185076684473,0.13027744270205066,0.11342053857022572,0.24369798127227638,0.6964902623494676,76,True,POINT Z (-0.21003599178201 51.6082365189399 0)
Latimer Road,8037,7679,6594.0,7293.0,6110.0,6706.0,7674.0,6669.0,6838.0,7794.0,6429.0,1.0,0.9554560159263407,0.9041546688605512,0.8377896613190731,0.09584533113944882,0.1231520369811967,0.21899736812064552,0.8738597862913735,0.8690383111806098,0.1261402137086265,0.09044655463490547,0.21658676834353197,0.8773415447780344,0.8248652809853734,0.12265845522196561,0.13667896037512095,0.25933741559708656,0.694921552061264,77,True,POINT Z (-0.21782991407451 51.5134601262303 0)
Parsons Green,22457,22237,17187.0,20101.0,18327.0,17294.0,20151.0,17858.0,16801.0,19645.0,17931.0,1.0,0.9902035000222648,0.8550320879558231,0.9117456842943137,0.14496791204417692,0.0792340319198902,0.22420194396406712,0.8582204357103865,0.8862091211354275,0.14177956428961347,0.10502323904581123,0.2468028033354247,0.8552303385085264,0.9127513362178672,0.14476966149147363,0.07821843065860301,0.22298809215007664,0.6939928394495685,78,True,POINT Z (-0.20173953648515 51.4749860987056 0)
Queen's Park,17826,17858,13206.0,15337.0,14205.0,13951.0,16171.0,14604.0,14270.0,16601.0,14991.0,1.0,1.0017951307079547,0.8610549651170373,0.9261915628871357,0.13894503488296273,0.07546809273008848,0.2144131276130512,0.8627172098200482,0.9030981386432503,0.13728279017995182,0.09852013554403738,0.2358029257239892,0.859586771881212,0.9030178904885248,0.14041322811878798,0.098600239900972,0.23901346801975998,0.6892295213568004,79,True,POINT Z (-0.205716929565442 51.5339801351448 0)
Hammersmith (DIS),90053,92013,65765.0,70470.0,65378.0,62468.0,76309.0,68966.0,62020.0,72527.0,67992.0,1.0,1.0217649606342931,0.9332340002838088,0.9277423016886619,0.06676599971619124,0.09201985052145811,0.15878585023764935,0.818619035762492,0.903772818409362,0.18138096423750805,0.1154787517392295,0.29685971597673755,0.855129813724544,0.9374715623147242,0.144870186275456,0.0824978361630655,0.2273680224385215,0.6830135886529084,80,True,POINT Z (-0.223018446935571 51.4920004980521 0)
Elm Park,10971,10815,8315.0,9582.0,8257.0,8325.0,9394.0,8359.0,8698.0,9837.0,8808.0,1.0,0.9857806945583811,0.8677729075349614,0.8617198914631601,0.1322270924650386,0.12585030705110223,0.25807739951614084,0.8862039599744518,0.8898232914626357,0.11379604002554822,0.09734153207243856,0.21113757209798678,0.8842126664633526,0.8953949374809393,0.11578733353664739,0.09168951834457828,0.20747685188122567,0.6766918234953533,81,True,POINT Z (0.198693956591701 51.5497214798208 0)
Finchley Central,29319,28340,19392.0,22772.0,20455.0,15510.0,17775.0,15536.0,15238.0,17294.0,14856.0,1.0,0.9666086837886695,0.8515721060952046,0.898252239592482,0.14842789390479538,0.07071780477727663,0.219145698682072,0.8725738396624473,0.8740365682137834,0.12742616033755272,0.09577000199506303,0.22319616233261574,0.8811148375159015,0.8590262518792645,0.11888516248409853,0.1112988469002062,0.23018400938430472,0.6725258703989925,82,True,POINT Z (-0.19252922549939 51.6009348679323 0)
Hyde Park Corner,13201,14622,11266.0,12994.0,12897.0,9418.0,11011.0,11475.0,8783.0,9957.0,9831.0,1.0,1.1076433603514886,0.8670155456364476,0.9925350161613052,0.13298445436355244,0.10392184732968202,0.23690630169323446,0.8553264916901281,1.0421396785033148,0.1446735083098719,0.059137881553668614,0.20381138986354053,0.8820929998995681,0.9873455860198855,0.11790700010043187,0.1086069565689709,0.22651395666940277,0.6672316482261778,83,True,POINT Z (-0.154124887061521 51.5027528559006 0)
Westminster,71460,74187,54632.0,63304.0,60032.0,57444.0,63576.0,56335.0,57279.0,61686.0,56078.0,1.0,1.0381612090680101,0.8630102363199798,0.9483129028181474,0.13698976368002025,0.08654562072351213,0.22353538440353238,0.9035485088712721,0.8861048194287152,0.09645149112872786,0.146467030660682,0.24291852178940987,0.92855753331388,0.9090879616120352,0.07144246668611998,0.12432871342963014,0.19577118011575012,0.6622250863086924,84,True,POINT Z (-0.125633447749655 51.5009655911588 0)
South Ruislip,6505,6423,4696.0,5378.0,4936.0,4766.0,5530.0,4813.0,4609.0,5201.0,4651.0,1.0,0.9873943120676403,0.8731870583860171,0.9178133134994422,0.12681294161398293,0.07046931273332224,0.19728225434730517,0.8618444846292947,0.8703435804701628,0.13815551537070525,0.11854507380376633,0.2567005891744716,0.8861757354354932,0.8942511055566237,0.11382426456450678,0.09433233043035383,0.2081565949948606,0.6621394385166374,85,True,POINT Z (-0.398845328625941 51.556861433018 0)
Regent's Park,13604,13118,7027.0,8370.0,7643.0,6752.0,8257.0,7642.0,6790.0,8106.0,7329.0,1.0,0.9642752131725963,0.8395459976105137,0.913142174432497,0.16045400238948626,0.05302743246076469,0.21348143485025095,0.8177304105607364,0.9255177425214969,0.18226958943926364,0.040193370234605674,0.2224629596738693,0.8376511226252159,0.9041450777202072,0.1623488773747841,0.0623578565859354,0.2247067339607195,0.6606511284848398,86,True,POINT Z (-0.146287770475268 51.5232801488787 0)
West Ruislip,5098,4820,3665.0,4191.0,3732.0,4280.0,5099.0,4355.0,4248.0,4891.0,4218.0,1.0,0.9454688112985484,0.8744929611071344,0.8904795991410165,0.12550703889286563,0.05816078912429412,0.18366782801715975,0.8393802706413022,0.8540890370660914,0.16061972935869784,0.09665022594130002,0.25726995529999785,0.8685340421181762,0.862400327131466,0.1314659578818238,0.08785957101323372,0.21932552889505752,0.6602633122122151,87,True,POINT Z (-0.437626140162556 51.5696310313101 0)
West Hampstead,34251,34751,22632.0,26220.0,24394.0,24214.0,28248.0,25963.0,24659.0,27871.0,25891.0,1.0,1.014598113923681,0.8631578947368421,0.9303585049580473,0.13684210526315788,0.08302756314010884,0.21986966840326672,0.8571934296233361,0.9191093174738034,0.1428065703766639,0.09411489646930327,0.23692146684596715,0.8847547630153206,0.9289584155573894,0.11524523698467937,0.08440750794923468,0.19965274493391405,0.6564438801831479,88,True,POINT Z (-0.190144437494366 51.5468041342918 0)
Hammersmith (H&C),33861,33935,26996.0,30747.0,27759.0,29300.0,33593.0,30342.0,30782.0,34602.0,31414.0,1.0,1.0021854050382446,0.8780043581487624,0.9028197872963216,0.12199564185123757,0.09914893715512763,0.2211445790063652,0.872205519006936,0.9032238859286161,0.127794480993064,0.09874571971625545,0.22654020070931946,0.8896017571238657,0.9078665973065141,0.11039824287613431,0.09411313241797925,0.20451137529411356,0.6521961550097982,89,True,POINT Z (-0.224905917275528 51.4937850044917 0)
Barons Court,22941,22379,16561.0,19191.0,17519.0,17442.0,20199.0,18205.0,17496.0,20107.0,17552.0,1.0,0.9755023756593,0.8629565942368819,0.9128758272106716,0.13704340576311813,0.06419927825014449,0.20124268401326262,0.8635080944601218,0.9012822416951334,0.13649190553987822,0.07608401149613231,0.21257591703601053,0.8701447257174119,0.8729298254339285,0.12985527428258814,0.10514843713839972,0.23500371142098786,0.648822312470261,90,True,POINT Z (-0.214660488067239 51.4902993374424 0)
Marble Arch,37494,40353,24847.0,28205.0,27768.0,24869.0,28658.0,28168.0,23434.0,26879.0,26151.0,1.0,1.0762522003520563,0.8809430951958872,0.9845062932104237,0.1190569048041128,0.0852457324701601,0.2043026372742729,0.8677856096029032,0.9829018075232047,0.13221439039709681,0.0867365407460402,0.21895093114313702,0.8718330295025857,0.9729156590646973,0.12816697049741432,0.09601517307333374,0.22418214357074806,0.647435711988158,91,True,POINT Z (-0.157334022942238 51.5136012982456 0)
Shepherd's Bush Market,10617,11338,8892.0,10860.0,10875.0,9648.0,10929.0,10558.0,9623.0,11093.0,11161.0,1.0,1.0679099557313743,0.8187845303867404,1.0013812154696133,0.18121546961325963,0.062298080380941534,0.24351354999420116,0.8827889102388141,0.9660536188123342,0.11721108976118588,0.09537914350586063,0.2125902332670465,0.8674839989182367,1.0061299918867754,0.1325160010817633,0.05785128560046793,0.19036728668223124,0.6464710699434789,92,True,POINT Z (-0.226272239161867 51.5060918115633 0)
Kennington,17506,18676,12731.0,15279.0,15612.0,13341.0,15617.0,15634.0,12777.0,15075.0,14862.0,1.0,1.066834228264595,0.8332351593690687,1.0217946200667583,0.16676484063093133,0.042218000702041736,0.20898284133297307,0.8542613818274957,1.0010885573413588,0.14573861817250433,0.06162688558482399,0.20736550375732832,0.8475621890547264,0.9858706467661692,0.15243781094527364,0.07589143594514047,0.22832924689041412,0.6446775919807155,93,True,POINT Z (-0.105940029542131 51.488341112167 0)
East Putney,21755,21395,17866.0,20325.0,18674.0,17987.0,20804.0,18860.0,17453.0,20332.0,17966.0,1.0,0.9834520799816134,0.8790159901599016,0.9187699876998769,0.12098400984009838,0.06577045653606817,0.18675446637616655,0.8645933474331859,0.9065564314554894,0.13540665256681406,0.07818952249057398,0.21359617505738804,0.8584005508557938,0.8836317135549873,0.1415994491442062,0.10149997997715599,0.24309942912136218,0.6434500705549168,94,True,POINT Z (-0.21103973778595 51.4591498588384 0)
Arsenal,8711,9142,6120.0,7380.0,7078.0,6188.0,7275.0,7069.0,6146.0,6914.0,6889.0,1.0,1.0494776719090804,0.8292682926829268,0.9590785907859078,0.1707317073170732,0.08613721238940664,0.25686891970647985,0.8505841924398625,0.9716838487972509,0.1494158075601375,0.07412622983232842,0.22354203739246592,0.8889210297946196,0.9963841481052936,0.11107897020538038,0.05059042724292129,0.16166939744830167,0.6420803545472474,95,True,POINT Z (-0.107258995220346 51.5586182630652 0)
Chesham,4100,3788,3071.0,3614.0,3164.0,3238.0,3664.0,3081.0,3318.0,3830.0,3198.0,1.0,0.9239024390243903,0.8497509684560044,0.8754842280022136,0.1502490315439956,0.05240619461217644,0.20265522615617204,0.8837336244541485,0.8408842794759825,0.11626637554585151,0.08985598050382038,0.20612235604967188,0.8663185378590078,0.8349869451697128,0.1336814621409922,0.09623905089867413,0.22992051303966632,0.6386980952455102,96,True,POINT Z (-0.610957106041938 51.7052267134821 0)
Chigwell,1889,1780,1127.0,1309.0,1094.0,1006.0,1131.0,961.0,1088.0,1192.0,1023.0,1.0,0.942297511911064,0.8609625668449198,0.8357524828113063,0.13903743315508021,0.11306941571316986,0.2521068488682501,0.8894783377541998,0.8496905393457118,0.11052166224580018,0.09827784897525305,0.20879951122105322,0.912751677852349,0.8582214765100671,0.08724832214765099,0.08922451172611423,0.17647283387376522,0.6373791939630685,97,True,POINT Z (0.075621709630792 51.6176545264783 0)
Clapham North,18878,21299,14027.0,16865.0,18019.0,13507.0,16000.0,17147.0,12917.0,15334.0,16447.0,1.0,1.1282445174276936,0.8317225022235398,1.0684257337681589,0.16827749777646017,0.05301934353371973,0.2212968413101799,0.8441875,1.0716875,0.15581250000000002,0.05012833348983525,0.20594083348983527,0.8423764184165906,1.0725838007043171,0.1576235815834094,0.049333912874027,0.2069574944574364,0.6341951692574516,98,True,POINT Z (-0.129333403541793 51.4657303680798 0)
Warwick Avenue,12958,13366,9035.0,10505.0,9878.0,9099.0,10337.0,10018.0,8983.0,10324.0,9714.0,1.0,1.0314863404846426,0.8600666349357449,0.9403141361256544,0.13993336506425513,0.08838915338050046,0.2283225184447556,0.8802360452742575,0.969139982586824,0.11976395472574253,0.06044322202902397,0.1802071767547665,0.8701084850833011,0.9409143742735374,0.12989151491669892,0.08780723763006892,0.21769875254676785,0.6262284477462899,99,True,POINT Z (-0.183581995971193 51.5232005763863 0)
Ruislip Gardens,3776,3506,2486.0,2924.0,2668.0,2550.0,3037.0,2660.0,2505.0,3022.0,2611.0,1.0,0.9284957627118644,0.8502051983584131,0.9124487004103967,0.14979480164158687,0.017282860025767843,0.16707766166735472,0.8396443859071452,0.875864339809022,0.16035561409285481,0.056684612915326005,0.21704022700818082,0.828921244209133,0.8639973527465254,0.17107875579086695,0.06946548660271534,0.2405442423935823,0.6246621310691178,100,True,POINT Z (-0.410696109804698 51.56077688512 0)
