,COUNTS (LU/LO/DLR/TfL Rail)--2025 // Station annualised entries and exits,,,,,,,,,,,,,,,,,
,(C) Copyright Transport for London 2026,,,,,,,,,,,,,,,,,
,,,,,,,,,,,,,,,,,,
,Counts by Station,,,,,,,,,,,,,,,,,
,version_v06 2026-04-13,,,,,Typical,,,,,,,,,,,,
Mode,MNLC,MASC,Station,Coverage,Source,Monday,Midweek (Tue-Thu),Friday,Saturday,Sunday,Monday,Midweek (Tue-Thu),Friday,Saturday,Sunday,Weekly,12-week,Annualised
,,,,,,Entry,Entry,Entry,Entry,Entry,Exit,Exit,Exit,Exit,Exit,En/Ex,En/Ex,En/Ex
LU,500,ACTu,Acton Town,Station entry/exit,taps,"7,103","7,879","7,755","5,945","4,494","7,228","8,005","7,823","6,213","4,675","98,885","1,127,999","4,546,929"
LU,502,ALDu,Aldgate,Station entry/exit,taps,"10,241","12,544","9,006","5,966","4,651","11,676","14,426","11,675","7,933","5,423","147,482","1,682,345","6,781,482"
LU,503,ALEu,Aldgate East,Station entry/exit,taps,"17,386","20,021","18,114","17,370","13,302","16,195","19,655","18,311","17,314","11,733","248,750","2,837,522","11,437,969"
LU,505,ALPu,Alperton,Station entry/exit,taps,"3,692","3,476","3,601","2,553","1,932","3,889","3,762","3,743","2,545","1,876","45,546","519,549","2,094,287"
LU,506,AMEu,Amersham,Station entry/exit,taps,"3,224","3,836","2,995","2,460","1,335","3,067","3,742","2,974","2,258","1,250","42,293","482,443","1,944,712"
LU,507,ANGu,Angel,Station entry/exit,taps,"15,757","19,224","18,775","17,822","11,298","16,732","20,328","20,576","19,306","11,642","250,562","2,858,193","11,521,291"
LU,508,ARCu,Archway,Station entry/exit,taps,"10,491","11,885","11,479","9,413","6,890","10,210","11,592","10,943","8,613","6,856","145,324","1,657,730","6,682,262"
LU,509,AGRu,Arnos Grove,Station entry/exit,taps,"4,861","5,444","5,102","4,404","3,060","4,557","5,070","4,780","3,974","2,960","65,244","744,245","3,000,029"
LU,510,ARLu,Arsenal,Station entry/exit,taps,"3,148","3,555","3,669","3,437","2,280","2,998","3,359","3,220","3,137","2,255","44,887","512,033","2,063,991"
LU,511,BSTu,Baker Street,Station entry/exit,taps,"34,167","39,004","35,207","29,133","21,832","34,868","39,743","36,137","30,241","22,067","479,893","5,474,201","22,066,341"
LU,512,BALu,Balham LU,Station entry/exit,taps,"13,838","17,071","16,259","15,805","8,995","13,737","17,156","15,725","15,463","9,236","211,739","2,415,332","9,736,132"
LU,513,BNKu,Bank and Monument,Station entry/exit,taps,"64,886","89,515","53,678","28,474","20,032","66,590","91,785","54,748","29,169","19,897","881,372","10,053,929","40,527,091"
LU,501,BARu,Barbican,Station entry/exit,taps,"8,553","10,497","7,736","5,057","3,654","8,725","10,842","7,922","5,136","3,643","114,441","1,305,447","5,262,217"
LU,514,BKGu,Barking,Station entry/exit,taps,"28,185","29,807","28,763","23,208","16,733","28,459","29,890","28,791","23,172","16,800","373,203","4,257,173","17,160,539"
LU,515,BDEu,Barkingside,Station entry/exit,taps,"1,874","2,041","1,891","1,285",915,"1,950","2,141","1,917","1,375",942,"24,693","281,677","1,135,432"
LU,516,BCTu,Barons Court,Station entry/exit,taps,"8,700","10,107","8,780","6,485","3,983","8,796","10,000","8,772","6,553","3,984","116,376","1,327,512","5,351,161"
LU,832,BPSu,Battersea Power Station,Station entry/exit,taps,"11,510","14,376","12,757","17,008","11,217","10,879","13,613","11,842","15,371","10,147","184,699","2,106,889","8,492,806"
LU,517,BAYu,Bayswater,Station entry/exit,taps,"5,641","5,718","6,748","6,878","5,791","4,993","5,187","6,013","6,053","4,564","79,393","905,645","3,650,628"
LU,518,BECu,Becontree,Station entry/exit,taps,"4,929","5,187","5,074","3,695","2,460","4,872","4,963","4,784","3,413","2,424","62,099","708,366","2,855,404"
LU,519,BPKu,Belsize Park,Station entry/exit,taps,"8,027","9,158","8,435","5,903","4,653","8,012","9,246","8,249","5,772","4,742","109,005","1,243,429","5,012,227"
LU,787,BERu,Bermondsey,Station entry/exit,taps,"10,437","11,967","12,000","10,420","7,006","10,308","11,722","11,853","10,743","7,045","150,877","1,721,073","6,937,594"
LU,520,BNGu,Bethnal Green LU,Station entry/exit,taps,"13,052","15,411","15,758","15,675","10,473","12,410","14,603","14,972","15,025","10,037","197,442","2,252,241","9,078,718"
LU,521,BLFu,Blackfriars LU,Station entry/exit,taps,"17,183","21,378","15,565","12,755","8,624","16,203","20,449","15,102","11,384","7,231","229,528","2,618,254","10,554,105"
LU,522,BHRu,Blackhorse Road,Station entry/exit,taps,"13,783","15,518","15,358","13,401","9,439","13,265","14,935","14,478","12,707","9,264","193,055","2,202,203","8,877,014"
LU,524,BDSu,Bond Street,Station entry/exit,taps,"59,475","74,311","61,691","61,219","40,003","60,818","77,692","64,927","62,584","40,046","906,770","10,343,636","41,694,893"
LU,525,BORu,Borough,Station entry/exit,taps,"5,754","6,865","5,946","5,111","3,408","5,727","6,860","6,053","5,204","3,619","81,996","935,340","3,770,328"
LU,526,BOSu,Boston Manor,Station entry/exit,taps,"2,029","2,170","2,188","1,646","1,178","2,103","2,255","2,169","1,586","1,241","27,415","312,727","1,260,593"
LU,527,BGRu,Bounds Green,Station entry/exit,taps,"6,168","6,921","6,508","5,708","3,990","6,015","6,732","6,239","5,349","3,984","84,920","968,692","3,904,770"
LU,528,BWRu,Bow Road,Station entry/exit,taps,"6,153","7,062","6,735","5,793","4,131","5,983","6,795","6,293","5,591","4,359","86,611","987,978","3,982,509"
LU,529,BTXu,Brent Cross,Station entry/exit,taps,"2,934","3,256","2,851","2,379","2,057","2,855","3,074","2,779","2,295","1,999","39,138","446,448","1,799,619"
LU,778,BRXu,Brixton LU,Station entry/exit,taps,"26,542","33,603","32,880","34,991","22,921","25,915","32,790","32,731","35,905","23,426","434,489","4,956,273","19,978,591"
LU,530,BBBu,Bromley-by-Bow,Station entry/exit,taps,"6,228","6,643","6,446","4,839","3,863","6,112","6,509","6,108","4,647","3,917","81,615","930,993","3,752,806"
LU,531,BHLu,Buckhurst Hill,Station entry/exit,taps,"3,402","3,825","3,323","3,016","1,701","3,411","3,812","3,257","2,850","1,661","45,533","519,406","2,093,711"
LU,532,BURu,Burnt Oak,Station entry/exit,taps,"5,080","5,428","5,169","3,849","2,851","5,012","5,322","4,992","3,752","2,784","65,740","749,905","3,022,846"
LU,534,CRDu,Caledonian Road,Station entry/exit,taps,"6,276","7,099","7,169","5,394","3,703","6,078","6,873","6,743","4,893","3,742","85,913","980,021","3,950,434"
LU,535,CTNu,Camden Town,Station entry/exit,taps,"22,401","23,571","26,833","34,049","25,845","22,840","24,262","28,151","37,003","27,103","367,725","4,194,684","16,908,648"
LU,788,CWRu,Canada Water,Station entry/exit,taps,"13,467","14,881","15,740","16,974","12,370","13,559","14,940","15,581","17,099","12,440","206,694","2,357,779","9,504,138"
LU,852,CWFu,Canary Wharf LU,Station entry/exit,taps,"51,116","60,280","47,856","38,266","28,233","52,096","61,909","47,946","38,279","27,377","697,734","7,959,146","32,083,083"
LU,884,CNTu,Canning Town,Station entry/exit,taps,"17,465","18,791","19,194","19,965","14,971","17,348","18,639","19,825","20,175","14,062","255,294","2,912,169","11,738,866"
LU,536,CSTu,Cannon Street LU,Station entry/exit,taps,"7,311","10,198","6,320","3,974","1,811","6,674","9,002","5,551","3,301","1,503","94,044","1,072,768","4,324,295"
LU,537,CPKu,Canons Park,Station entry/exit,taps,"3,279","3,670","3,315","2,677","1,737","3,281","3,589","3,240","2,685","1,692","43,684","498,312","2,008,680"
LU,539,CLFu,Chalfont & Latimer,Station entry/exit,taps,"2,372","2,830","2,396","1,679","1,012","2,413","2,809","2,473","1,698","1,023","31,982","364,824","1,470,595"
LU,540,CHFu,Chalk Farm,Station entry/exit,taps,"6,190","8,396","8,402","8,921","5,568","5,237","7,439","7,089","6,978","4,421","100,309","1,144,237","4,612,387"
LU,541,CYLu,Chancery Lane,Station entry/exit,taps,"12,322","17,334","11,445","5,654","2,889","13,150","18,205","11,936","5,421","2,918","172,350","1,966,020","7,924,969"
LU,718,CHXu,Charing Cross LU,Station entry/exit,taps,"19,062","25,429","21,123","24,169","16,378","19,277","25,556","21,551","24,031","16,770","315,315","3,596,833","14,498,727"
LU,543,CHMu,Chesham,Station entry/exit,taps,"1,723","2,000","1,655","1,247",718,"1,595","1,830","1,543","1,124",634,"21,729","247,867","999,143"
LU,544,CHGu,Chigwell,Station entry/exit,taps,577,650,555,295,179,511,542,468,260,197,"6,617","75,477","304,244"
LU,545,CHPu,Chiswick Park,Station entry/exit,taps,"3,011","3,669","2,981","2,417","1,694","3,314","3,993","3,284","2,549","1,841","44,075","502,773","2,026,664"
LU,546,CWDu,Chorleywood,Station entry/exit,taps,"2,280","2,744","2,389","1,532",908,"2,125","2,649","2,295","1,464","1,020","30,190","344,384","1,388,201"
LU,547,CPCu,Clapham Common,Station entry/exit,taps,"9,473","11,226","11,856","12,797","7,638","10,769","12,915","12,720","13,860","8,207","159,742","1,822,201","7,345,239"
LU,548,CPNu,Clapham North,Station entry/exit,taps,"6,146","7,102","8,243","8,661","4,727","6,771","8,232","8,204","8,823","4,885","102,462","1,168,794","4,711,376"
LU,549,CPSu,Clapham South,Station entry/exit,taps,"8,859","10,807","9,740","8,874","5,477","9,055","10,938","9,449","8,755","5,782","131,223","1,496,878","6,033,872"
LU,550,CFSu,Cockfosters,Station entry/exit,taps,"1,993","2,225","2,194","2,653","1,584","2,009","2,287","2,192","2,562","1,720","30,442","347,253","1,399,766"
LU,551,COLu,Colindale,Station entry/exit,taps,"8,815","9,705","8,905","7,404","5,451","8,333","9,198","8,215","6,856","5,257","115,944","1,322,593","5,331,334"
LU,552,CLWu,Colliers Wood,Station entry/exit,taps,"8,010","9,168","8,576","7,918","5,382","7,753","8,759","8,066","7,502","5,343","112,331","1,281,375","5,165,186"
LU,553,COVu,Covent Garden,Station entry/exit,taps,"12,314","16,736","15,846","21,635","13,071","13,922","18,978","19,051","29,477","14,317","246,776","2,815,003","11,347,195"
LU,554,CRXu,Croxley,Station entry/exit,taps,"1,471","1,729","1,472",878,492,"1,485","1,695","1,408",810,514,"18,802","214,473","864,535"
LU,555,DGEu,Dagenham East,Station entry/exit,taps,"4,800","5,101","4,855","3,199","2,316","4,475","4,744","4,350","2,922","2,092","58,545","667,826","2,691,987"
LU,556,DGHu,Dagenham Heathway,Station entry/exit,taps,"8,053","8,413","8,351","5,758","3,927","7,906","8,281","8,112","5,559","3,919","101,667","1,159,726","4,674,821"
LU,557,DEBu,Debden,Station entry/exit,taps,"3,211","3,580","3,161","2,206","1,179","3,122","3,486","3,011","2,109","1,221","40,420","461,081","1,858,604"
LU,558,DHLu,Dollis Hill,Station entry/exit,taps,"4,947","5,413","5,385","4,120","3,030","4,475","4,843","4,802","3,600","2,714","63,839","728,218","2,935,425"
LU,560,EBYu,Ealing Broadway,Station entry/exit,taps,"24,506","28,058","26,924","23,277","17,199","28,142","30,288","27,653","27,009","19,660","369,408","4,213,882","16,986,034"
LU,561,ECMu,Ealing Common,Station entry/exit,taps,"2,681","2,943","2,984","2,256","1,670","2,652","2,940","2,860","2,156","1,692","36,600","417,502","1,682,939"
LU,562,ECTu,Earl's Court,Station entry/exit,taps,"23,203","25,318","25,991","23,769","17,119","23,015","25,252","26,931","25,016","16,261","333,013","3,798,725","15,312,548"
LU,563,EACu,East Acton,Station entry/exit,taps,"5,423","5,936","5,450","3,939","2,964","5,691","6,172","5,438","3,909","3,036","72,174","823,293","3,318,669"
LU,565,EFYu,East Finchley,Station entry/exit,taps,"8,169","9,769","8,231","6,893","4,804","8,130","9,621","7,930","6,662","4,908","113,898","1,299,250","5,237,239"
LU,566,EHMu,East Ham,Station entry/exit,taps,"17,295","18,447","17,954","14,701","11,366","16,868","17,903","17,046","13,876","11,022","229,179","2,614,271","10,538,050"
LU,567,EPYu,East Putney,Station entry/exit,taps,"8,734","10,228","9,314","7,760","5,039","8,719","10,104","8,652","7,097","5,225","121,535","1,386,364","5,588,393"
LU,564,ETEu,Eastcote,Station entry/exit,taps,"3,493","3,781","3,539","2,555","1,573","3,448","3,740","3,445","2,445","1,585","44,644","509,261","2,052,816"
LU,568,EDGu,Edgware,Station entry/exit,taps,"6,386","7,251","6,699","5,395","4,094","6,420","7,309","6,778","5,399","4,082","88,931","1,014,450","4,089,217"
LU,774,ERBu,Edgware Road (Bak),Station entry/exit,taps,"5,137","5,749","5,678","5,394","3,584","5,598","6,084","6,040","5,681","3,747","76,360","871,050","3,511,175"
LU,569,ERDu,Edgware Road (DIS),Station entry/exit,taps,"9,404","10,403","9,751","9,110","6,506","8,917","10,132","9,654","9,001","5,959","129,907","1,481,869","5,973,368"
LU,570,ELEu,Elephant & Castle LU,Station entry/exit,taps,"19,871","21,835","21,889","20,368","13,764","19,383","21,268","21,426","19,336","13,128","278,474","3,176,584","12,804,715"
LU,571,EPKu,Elm Park,Station entry/exit,taps,"4,411","5,053","4,507","3,137","1,953","4,287","4,784","4,301","3,023","1,975","57,105","651,406","2,625,799"
LU,542,EMBu,Embankment,Station entry/exit,taps,"24,266","30,016","26,516","32,807","20,441","23,805","29,905","25,966","31,570","19,339","384,474","4,385,742","17,678,798"
LU,572,EPPu,Epping,Station entry/exit,taps,"4,901","5,611","5,126","5,293","3,067","4,973","5,553","4,952","5,349","3,212","70,366","802,680","3,235,577"
LU,574,EUSu,Euston LU,Station entry/exit,taps,"45,836","54,070","50,997","52,870","40,275","47,061","55,506","54,971","52,647","40,553","713,935","8,143,946","32,828,005"
LU,575,ESQu,Euston Square,Station entry/exit,taps,"19,368","22,711","18,423","11,569","9,195","20,962","23,939","20,469","11,770","9,641","261,350","2,981,251","12,017,333"
LU,576,FLPu,Fairlop,Station entry/exit,taps,"1,452","1,618","1,485","1,356",753,"1,361","1,519","1,406","1,292",765,"19,279","219,921","886,494"
LU,577,FARu,Farringdon,Station entry/exit,taps,"69,622","87,892","62,559","39,223","24,230","67,746","84,317","60,624","37,937","22,334","900,901","10,276,689","41,425,032"
LU,578,FYCu,Finchley Central,Station entry/exit,taps,"7,589","8,520","7,444","6,692","4,733","7,649","8,774","7,412","6,057","4,625","104,083","1,187,288","4,785,922"
LU,579,FRDu,Finchley Road,Station entry/exit,taps,"11,643","12,802","12,480","9,960","7,593","11,332","12,194","11,615","9,261","7,260","156,131","1,781,008","7,179,192"
LU,580,FPKu,Finsbury Park,Station entry/exit,taps,"29,658","34,728","33,718","35,283","23,357","29,598","34,279","32,940","34,706","23,455","449,736","5,130,195","20,679,664"
LU,581,FBYu,Fulham Broadway,Station entry/exit,taps,"9,982","11,481","11,713","9,708","6,495","10,321","11,784","11,369","9,219","6,184","144,783","1,651,562","6,657,400"
LU,582,GHLu,Gants Hill,Station entry/exit,taps,"7,768","8,379","7,566","5,881","4,205","7,388","7,860","7,151","5,602","4,068","98,346","1,121,841","4,522,110"
LU,583,GRDu,Gloucester Road,Station entry/exit,taps,"18,646","19,926","19,697","16,184","12,028","17,625","19,366","19,145","14,646","10,753","246,598","2,812,973","11,339,010"
LU,584,GGRu,Golders Green,Station entry/exit,taps,"9,206","10,205","9,584","7,776","6,089","9,229","10,286","9,657","7,729","6,229","126,971","1,448,380","5,838,375"
LU,585,GHRu,Goldhawk Road,Station entry/exit,taps,"2,793","3,224","3,106","2,717","1,854","2,755","3,144","2,864","2,605","1,943","39,738","453,298","1,827,229"
LU,586,GSTu,Goodge Street,Station entry/exit,taps,"8,043","9,697","7,293","4,712","2,936","8,784","10,424","8,229","5,103","3,093","108,553","1,238,277","4,991,457"
LU,587,GRHu,Grange Hill,Station entry/exit,taps,667,763,635,381,213,622,698,573,317,194,"7,984","91,073","367,114"
LU,588,GPSu,Great Portland Street,Station entry/exit,taps,"9,117","11,087","8,648","5,569","3,811","9,310","11,396","8,825","5,463","3,588","121,779","1,389,153","5,599,633"
LU,590,GPKu,Green Park,Station entry/exit,taps,"39,165","48,886","42,937","40,120","26,557","44,719","54,934","49,404","47,648","32,719","634,730","7,240,444","29,186,016"
LU,589,GFDu,Greenford,Station entry/exit,taps,"4,836","5,510","5,082","4,180","2,644","4,846","5,479","4,867","4,021","2,659","66,100","754,016","3,039,416"
LU,591,GUNu,Gunnersbury,Station entry/exit,taps,"6,315","7,608","5,864","4,397","3,548","6,133","7,397","5,505","4,242","3,319","84,339","962,070","3,878,077"
LU,592,HAIu,Hainault,Station entry/exit,taps,"4,759","5,243","4,807","3,436","2,214","4,553","5,020","4,631","3,320","2,266","60,776","693,275","2,794,572"
LU,593,HMDu,Hammersmith (DIS),Station entry/exit,taps,"31,121","36,383","34,283","29,415","18,770","30,899","36,144","33,709","28,402","19,177","443,357","5,057,426","20,386,337"
LU,773,HMSu,Hammersmith (H&C),Station entry/exit,taps,"15,559","17,538","15,864","14,171","10,099","15,223","17,064","15,550","14,087","9,862","214,219","2,443,623","9,850,172"
LU,594,HMPu,Hampstead,Station entry/exit,taps,"5,501","6,146","6,458","6,093","5,090","6,345","7,055","7,340","6,841","5,831","89,103","1,016,414","4,097,136"
LU,595,HLNu,Hanger Lane,Station entry/exit,taps,"4,112","4,639","3,942","4,276","2,966","3,912","4,419","3,716","4,017","2,813","56,927","649,377","2,617,620"
LU,596,HARu,Harlesden,Station entry/exit,taps,"4,225","4,521","4,334","2,678","1,634","4,162","4,398","4,152","2,544","1,683","52,168","595,084","2,398,768"
LU,597,HAWu,Harrow & Wealdstone,Station entry/exit,taps,"9,067","9,362","8,938","8,060","4,983","8,933","9,209","8,343","7,131","4,607","115,774","1,320,646","5,323,484"
LU,598,HOHu,Harrow-on-the-Hill,Station entry/exit,taps,"12,800","14,166","13,363","12,476","7,590","13,435","14,897","14,020","13,005","8,009","181,888","2,074,822","8,363,547"
LU,779,HTXu,Hatton Cross,Station entry/exit,taps,"4,364","4,605","4,885","3,881","3,156","4,734","4,847","5,030","4,283","3,670","62,361","711,360","2,867,469"
LU,781,HRFu,Heathrow Terminal 4 LU,Station entry/exit,taps,"2,422","2,518","2,850","2,187","2,566","2,383","2,289","2,546","1,993","2,283","33,651","383,867","1,547,356"
LU,783,HRVu,Heathrow Terminal 5 LU,Station entry/exit,taps,"6,837","6,009","7,888","5,907","7,000","5,306","4,569","5,973","4,473","5,860","80,976","923,701","3,723,411"
LU,780,HRCu,Heathrow Terminals 123 LU,Station entry/exit,taps,"9,295","8,715","10,253","7,864","9,307","8,194","7,009","8,125","6,415","8,710","115,332","1,315,604","5,303,162"
LU,601,HNDu,Hendon Central,Station entry/exit,taps,"8,408","9,289","8,507","6,041","4,562","7,854","8,628","7,750","5,468","4,152","106,491","1,214,751","4,896,627"
LU,602,HBTu,High Barnet,Station entry/exit,taps,"5,569","6,477","5,672","4,817","2,996","5,548","6,305","5,552","4,776","3,097","76,373","871,192","3,511,749"
LU,605,HSTu,High Street Kensington,Station entry/exit,taps,"14,033","16,404","15,133","14,864","11,595","13,572","16,082","14,977","14,004","10,284","205,921","2,348,966","9,468,614"
LU,603,HBYu,Highbury & Islington,Station entry/exit,taps,"19,739","23,825","23,701","24,737","15,651","20,661","24,550","24,567","25,727","16,644","316,554","3,610,969","14,555,709"
LU,604,HIGu,Highgate,Station entry/exit,taps,"6,510","7,717","6,981","6,537","4,379","6,587","7,651","6,818","6,536","4,632","95,083","1,084,628","4,372,102"
LU,606,HDNu,Hillingdon,Station entry/exit,taps,"2,222","2,419","2,186","1,838","1,206","2,100","2,222","1,995","1,651","1,162","28,282","322,621","1,300,476"
LU,607,HOLu,Holborn,Station entry/exit,taps,"27,392","35,582","28,246","21,857","13,554","29,716","38,208","30,614","22,686","13,742","409,178","4,667,544","18,814,732"
LU,608,HPKu,Holland Park,Station entry/exit,taps,"4,415","5,021","4,683","4,101","2,819","4,446","4,962","4,621","4,051","2,872","61,959","706,775","2,848,988"
LU,609,HRDu,Holloway Road,Station entry/exit,taps,"7,576","8,135","7,688","5,746","4,304","7,630","8,204","7,480","5,513","4,382","99,336","1,133,143","4,567,665"
LU,610,HCHu,Hornchurch,Station entry/exit,taps,"2,707","3,159","2,579","1,919","1,006","2,774","3,218","2,696","2,018","1,067","35,897","409,486","1,650,627"
LU,611,HNCu,Hounslow Central,Station entry/exit,taps,"4,883","5,356","5,073","3,983","3,013","4,939","5,347","5,092","3,896","2,996","65,985","752,695","3,034,090"
LU,612,HNEu,Hounslow East,Station entry/exit,taps,"4,895","5,063","5,129","4,137","3,350","5,214","5,464","5,483","4,151","3,490","67,430","769,185","3,100,562"
LU,613,HNWu,Hounslow West,Station entry/exit,taps,"4,208","4,544","4,456","3,686","3,118","4,236","4,461","4,403","3,551","3,169","57,842","659,815","2,659,697"
LU,614,HPCu,Hyde Park Corner,Station entry/exit,taps,"4,307","4,829","4,737","6,002","3,642","4,476","5,128","5,094","5,843","3,600","67,569","770,770","3,106,952"
LU,615,ICKu,Ickenham,Station entry/exit,taps,"1,323","1,443","1,349","1,084",592,"1,362","1,472","1,376","1,069",615,"17,511","199,755","805,206"
LU,616,KENu,Kennington,Station entry/exit,taps,"6,400","7,580","7,454","7,572","5,055","6,377","7,495","7,408","7,540","5,120","98,152","1,119,627","4,513,184"
LU,617,KGNu,Kensal Green,Station entry/exit,taps,"2,797","3,427","3,082","2,514","1,632","2,828","3,383","2,850","2,325","1,733","40,190","458,454","1,848,016"
LU,618,OLYu,Kensington (Olympia),---see LO---,taps,---,---,---,---,---,---,---,---,---,---,---,---,---
LU,619,KTNu,Kentish Town,Station entry/exit,taps,"8,347","11,244","10,425","9,569","6,356","8,275","11,334","10,115","9,078","6,626","136,524","1,557,352","6,277,639"
LU,620,KETu,Kenton,Station entry/exit,taps,"2,826","3,014","2,957","1,913","1,293","2,849","3,018","2,893","1,918","1,344","36,088","411,661","1,659,391"
LU,621,KEWu,Kew Gardens,Station entry/exit,taps,"4,852","5,500","5,507","6,459","4,595","4,741","5,289","5,147","6,215","4,548","74,429","849,025","3,422,396"
LU,622,KILu,Kilburn,Station entry/exit,taps,"7,755","8,706","8,183","7,904","5,276","7,871","8,652","8,116","7,825","5,310","110,316","1,258,387","5,072,520"
LU,623,KPKu,Kilburn Park,Station entry/exit,taps,"3,921","4,385","4,206","3,829","2,582","3,844","4,203","3,984","3,591","2,592","54,312","619,543","2,497,360"
LU,625,KXXu,King's Cross St. Pancras,Station entry/exit,taps,"101,625","122,933","111,497","122,183","92,685","97,790","120,286","112,488","117,508","91,533","1,576,967","17,988,662","72,511,766"
LU,624,KBYu,Kingsbury,Station entry/exit,taps,"5,594","5,969","5,925","4,026","3,078","5,626","5,957","5,835","4,062","3,050","72,972","832,401","3,355,385"
LU,626,KNBu,Knightsbridge,Station entry/exit,taps,"19,305","20,700","21,841","27,076","15,121","18,207","20,093","20,910","23,991","13,362","282,192","3,219,004","12,975,712"
LU,627,LGRu,Ladbroke Grove,Station entry/exit,taps,"8,184","9,556","10,077","13,073","7,916","8,056","9,309","9,623","11,883","7,420","132,826","1,515,163","6,107,578"
LU,628,LAMu,Lambeth North,Station entry/exit,taps,"3,901","4,327","4,273","4,427","3,158","3,682","4,105","4,084","3,791","2,770","55,381","631,732","2,546,495"
LU,629,LANu,Lancaster Gate,Station entry/exit,taps,"3,850","4,327","4,574","4,937","4,510","3,804","4,173","4,699","4,922","4,068","60,862","694,264","2,798,558"
LU,630,LATu,Latimer Road,Station entry/exit,taps,"3,456","3,980","3,324","2,517","1,896","3,382","3,814","3,105","2,261","1,774","45,095","514,400","2,073,530"
LU,631,LSQu,Leicester Square,Station entry/exit,taps,"33,274","43,010","46,089","53,834","35,623","29,925","37,658","41,341","50,598","31,872","564,559","6,439,996","25,959,434"
LU,632,LEYu,Leyton,Station entry/exit,taps,"12,836","14,047","13,521","12,161","8,574","13,213","14,557","13,648","11,799","8,561","180,126","2,054,725","8,282,538"
LU,633,LYSu,Leytonstone,Station entry/exit,taps,"10,232","11,224","10,996","9,446","6,430","10,385","11,436","11,155","9,478","6,493","142,594","1,626,590","6,556,737"
LU,634,LSTu,Liverpool Street LU,Station entry/exit,taps,"86,175","112,712","87,231","80,008","49,357","88,869","113,665","87,438","79,112","50,413","1,287,733","14,689,335","59,212,277"
LU,635,LONu,London Bridge LU,Station entry/exit,taps,"76,519","98,340","87,294","98,451","58,976","72,938","94,744","83,341","91,596","56,124","1,204,491","13,739,785","55,384,667"
LU,636,LTNu,Loughton,Station entry/exit,taps,"4,013","4,783","4,135","3,773","2,083","4,194","4,959","4,414","3,847","2,123","57,810","659,440","2,658,185"
LU,637,MDVu,Maida Vale,Station entry/exit,taps,"4,158","4,772","4,269","3,782","2,672","4,078","4,625","3,994","3,547","2,616","57,307","653,706","2,635,068"
LU,638,MNRu,Manor House,Station entry/exit,taps,"7,997","8,989","8,970","8,119","5,584","8,121","9,162","8,808","7,793","5,895","115,741","1,320,268","5,321,961"
LU,639,MANu,Mansion House,Station entry/exit,taps,"7,004","8,873","5,565","3,565","2,497","7,704","9,894","6,391","4,162","2,718","95,904","1,093,993","4,409,854"
LU,640,MARu,Marble Arch,Station entry/exit,taps,"11,859","13,567","13,288","14,973","10,527","11,575","13,312","12,863","14,368","9,516","179,604","2,048,771","8,258,534"
LU,641,MYBu,Marylebone LU,Station entry/exit,taps,"11,471","14,540","11,978","11,700","8,435","11,958","15,347","12,768","11,994","8,638","178,601","2,037,329","8,212,411"
LU,642,MLEu,Mile End,Station entry/exit,taps,"17,156","18,602","18,501","14,458","10,281","17,165","18,067","17,834","14,288","10,592","230,285","2,626,888","10,588,908"
LU,643,MHEu,Mill Hill East,Station entry/exit,taps,"2,413","2,987","2,538","2,020","1,302","2,634","2,816","2,361","1,853","1,400","33,933","387,082","1,560,315"
LU,646,MPKu,Moor Park,Station entry/exit,taps,"1,450","1,559","1,480",721,402,"1,421","1,538","1,377",726,415,"17,282","197,141","794,669"
LU,645,MGTu,Moorgate,Station entry/exit,taps,"43,687","57,029","35,120","16,557","10,325","47,518","62,102","39,319","19,951","12,036","581,906","6,637,874","26,757,075"
LU,647,MORu,Morden,Station entry/exit,taps,"12,774","14,546","13,195","12,260","8,437","12,162","13,974","12,862","12,250","8,361","177,863","2,028,908","8,178,466"
LU,648,MCRu,Mornington Crescent,Station entry/exit,taps,"3,462","5,032","4,724","5,728","2,571","3,116","4,681","4,445","3,579","1,885","58,650","669,031","2,696,843"
LU,649,NEAu,Neasden,Station entry/exit,taps,"4,398","4,569","4,470","3,141","2,286","4,061","4,192","4,052","2,901","2,138","53,730","612,910","2,470,620"
LU,650,NEPu,Newbury Park,Station entry/exit,taps,"5,111","5,549","5,100","4,028","2,603","4,693","5,114","4,653","3,869","2,539","64,583","736,708","2,969,649"
LU,831,NIEu,Nine Elms,Station entry/exit,taps,"6,116","6,977","6,684","5,297","4,696","5,944","6,670","6,378","4,927","4,520","85,502","975,329","3,931,521"
LU,653,NACu,North Acton,Station entry/exit,taps,"9,299","9,881","10,049","7,339","5,233","9,241","9,711","10,032","7,557","5,509","123,034","1,403,463","5,657,316"
LU,654,NELu,North Ealing,Station entry/exit,taps,890,930,943,526,460,883,921,921,463,455,"11,093","126,543","510,091"
LU,789,NOGu,North Greenwich,Station entry/exit,taps,"23,614","34,595","36,095","43,556","33,351","24,627","36,546","39,471","46,790","35,951","496,874","5,667,903","22,847,148"
LU,656,NHRu,North Harrow,Station entry/exit,taps,"2,494","2,778","2,410","1,753","1,167","2,384","2,685","2,277","1,650","1,173","31,698","361,581","1,457,522"
LU,659,NWBu,North Wembley,Station entry/exit,taps,"2,400","2,527","2,472","1,704","1,265","2,252","2,339","2,224","1,515","1,241","29,669","338,437","1,364,229"
LU,655,NFDu,Northfields,Station entry/exit,taps,"3,552","4,038","3,807","2,708","2,149","3,602","4,089","3,749","2,512","2,154","48,613","554,536","2,235,319"
LU,657,NHTu,Northolt,Station entry/exit,taps,"6,663","7,196","6,700","5,566","4,004","6,593","6,752","6,257","5,336","3,879","86,842","990,616","3,993,143"
LU,660,NWPu,Northwick Park,Station entry/exit,taps,"5,442","5,653","5,175","3,089","2,241","5,467","5,670","5,037","2,910","2,221","65,550","747,742","3,014,127"
LU,661,NWDu,Northwood,Station entry/exit,taps,"3,504","3,837","3,598","2,551","1,565","3,522","3,808","3,571","2,398","1,566","45,208","515,695","2,078,750"
LU,662,NWHu,Northwood Hills,Station entry/exit,taps,"2,411","2,691","2,567","1,790","1,168","2,309","2,606","2,412","1,721","1,153","31,421","358,425","1,444,801"
LU,663,NHGu,Notting Hill Gate,Station entry/exit,taps,"15,862","18,649","17,920","22,754","14,679","17,020","19,792","19,626","28,080","16,648","267,911","3,056,101","12,319,051"
LU,664,OAKu,Oakwood,Station entry/exit,taps,"3,321","3,731","3,524","3,283","2,292","3,355","3,805","3,645","3,403","2,352","47,784","545,074","2,197,177"
LU,665,OLDu,Old Street,Station entry/exit,taps,"22,177","29,155","22,950","20,223","12,676","21,463","28,049","23,526","20,788","11,659","327,075","3,730,982","15,039,479"
LU,667,OSTu,Osterley,Station entry/exit,taps,"2,474","2,741","2,436","2,131","1,420","2,538","2,760","2,409","2,000","1,454","33,364","380,589","1,534,141"
LU,668,OVLu,Oval,Station entry/exit,taps,"7,346","8,661","8,135","7,109","5,023","7,296","8,624","8,024","7,036","5,099","106,922","1,219,669","4,916,450"
LU,669,OXCu,Oxford Circus,Station entry/exit,taps,"68,439","83,596","74,044","79,897","51,390","75,156","95,011","84,004","96,049","57,050","1,121,847","12,797,056","51,584,553"
LU,670,PADu,Paddington TfL,Station entry/exit,taps,"83,482","100,496","86,714","86,165","64,917","80,888","99,879","90,313","87,025","61,871","1,242,503","14,173,392","57,132,524"
LU,671,PRYu,Park Royal,Station entry/exit,taps,"2,096","2,213","2,328","1,596","1,251","2,200","2,331","2,540","1,517","1,252","28,409","324,069","1,306,314"
LU,672,PGRu,Parsons Green,Station entry/exit,taps,"8,317","9,893","9,108","7,398","4,212","8,484","9,752","8,823","7,029","4,388","116,695","1,331,151","5,365,830"
LU,673,PERu,Perivale,Station entry/exit,taps,"2,619","2,824","2,558","2,139","1,533","2,563","2,813","2,455","2,035","1,527","34,338","391,704","1,578,946"
LU,674,PICu,Piccadilly Circus,Station entry/exit,taps,"33,290","39,770","39,512","45,789","29,654","31,539","36,402","38,395","43,038","25,597","515,328","5,878,414","23,695,712"
LU,776,PIMu,Pimlico,Station entry/exit,taps,"11,384","13,780","12,615","9,555","7,422","11,323","13,609","12,356","9,431","7,537","163,790","1,868,373","7,531,355"
LU,675,PINu,Pinner,Station entry/exit,taps,"3,879","4,586","3,989","2,961","1,914","3,931","4,513","4,153","2,893","1,956","52,974","604,277","2,435,821"
LU,676,PLWu,Plaistow,Station entry/exit,taps,"7,530","8,273","7,906","6,156","4,641","7,169","7,782","7,276","5,694","4,619","99,157","1,131,099","4,559,425"
LU,677,PRDu,Preston Road,Station entry/exit,taps,"3,907","4,021","3,946","2,885","2,033","3,864","4,041","3,875","2,720","2,094","49,509","564,755","2,276,510"
LU,678,PUTu,Putney Bridge,Station entry/exit,taps,"6,468","7,672","6,489","5,898","4,196","7,424","8,658","7,289","6,268","4,544","97,564","1,112,923","4,486,160"
LU,680,QPKu,Queen's Park,Station entry/exit,taps,"7,236","8,438","7,712","6,455","4,556","7,034","8,163","7,279","6,132","4,611","100,817","1,150,030","4,635,737"
LU,679,QBYu,Queensbury,Station entry/exit,taps,"4,811","5,169","4,774","3,510","2,406","4,781","5,150","4,753","3,473","2,279","61,742","704,296","2,838,997"
LU,681,QWYu,Queensway,Station entry/exit,taps,"7,605","8,342","8,816","9,600","7,561","8,320","9,478","10,174","11,037","8,107","124,679","1,422,226","5,732,950"
LU,682,RCPu,Ravenscourt Park,Station entry/exit,taps,"4,262","4,807","4,598","3,347","2,354","4,213","4,722","4,438","3,172","2,293","57,262","653,200","2,633,030"
LU,683,RAYu,Rayners Lane,Station entry/exit,taps,"5,326","5,585","5,263","4,039","2,862","5,111","5,485","5,078","3,814","2,868","67,570","770,782","3,106,999"
LU,684,REDu,Redbridge,Station entry/exit,taps,"3,169","3,519","3,248","2,838","1,920","2,904","3,236","3,039","2,587","1,797","41,768","476,449","1,920,551"
LU,685,RPKu,Regent's Park,Station entry/exit,taps,"3,194","3,759","3,363","2,324","1,379","3,596","4,347","3,966","2,804","1,698","46,642","532,057","2,144,705"
LU,686,RMDu,Richmond,Station entry/exit,taps,"17,496","20,181","21,069","20,145","13,388","17,337","21,017","20,208","19,725","13,545","266,509","3,040,102","12,254,562"
LU,687,RKYu,Rickmansworth,Station entry/exit,taps,"3,069","3,546","3,125","2,134","1,219","2,995","3,493","3,034","2,072","1,210","39,973","455,982","1,838,051"
LU,688,RODu,Roding Valley,Station entry/exit,taps,342,409,416,252,130,342,342,318,204,125,"4,383","50,003","201,559"
LU,690,ROYu,Royal Oak,Station entry/exit,taps,"3,284","3,685","3,632","3,114","2,383","3,227","3,650","3,639","3,080","2,444","46,805","533,912","2,152,184"
LU,691,RUIu,Ruislip,Station entry/exit,taps,"2,172","2,326","2,342","1,921","1,106","2,222","2,360","2,371","1,957","1,117","29,265","333,835","1,345,680"
LU,692,RUGu,Ruislip Gardens,Station entry/exit,taps,"1,319","1,591","1,396","1,147",660,"1,186","1,431","1,215","1,012",693,"17,691","201,805","813,469"
LU,693,RUMu,Ruislip Manor,Station entry/exit,taps,"2,189","2,419","2,209","1,763",908,"2,301","2,490","2,206","1,690",941,"28,934","330,053","1,330,433"
LU,694,RSQu,Russell Square,Station entry/exit,taps,"12,695","13,964","14,114","10,861","8,704","13,026","14,213","14,765","10,778","8,197","177,672","2,026,727","8,169,675"
LU,698,SVSu,Seven Sisters,Station entry/exit,taps,"17,631","19,535","19,390","18,488","13,251","17,606","19,566","19,340","18,285","12,819","254,113","2,898,695","11,684,555"
LU,700,SBCu,Shepherd's Bush LU,Station entry/exit,taps,"17,586","21,282","19,934","21,614","14,496","16,864","20,127","19,118","20,957","13,906","268,701","3,065,106","12,355,353"
LU,775,SBMu,Shepherd's Bush Market,Station entry/exit,taps,"4,883","5,644","5,697","5,830","3,627","4,740","5,449","5,464","5,558","3,543","72,622","828,413","3,339,308"
LU,702,SSQu,Sloane Square,Station entry/exit,taps,"19,509","25,545","21,829","23,277","15,095","19,508","25,949","22,023","23,972","15,110","314,805","3,591,026","14,475,322"
LU,703,SNBu,Snaresbrook,Station entry/exit,taps,"2,853","3,195","3,042","2,679","1,644","2,853","3,193","2,961","2,423","1,611","39,230","447,504","1,803,874"
LU,704,SELu,South Ealing,Station entry/exit,taps,"3,312","3,683","3,476","2,545","2,040","3,375","3,665","3,508","2,356","2,055","44,709","510,000","2,055,796"
LU,707,SHRu,South Harrow,Station entry/exit,taps,"2,946","3,025","3,200","2,079","1,618","3,022","3,079","3,086","2,049","1,605","37,919","432,552","1,743,604"
LU,708,SKNu,South Kensington,Station entry/exit,taps,"41,117","43,317","45,480","43,889","30,021","43,500","45,486","47,997","46,812","31,391","596,615","6,805,668","27,433,445"
LU,709,SKTu,South Kenton,Station entry/exit,taps,"1,465","1,634","1,497","1,244",764,"1,518","1,496","1,416","1,278",744,"19,318","220,368","888,298"
LU,710,SRPu,South Ruislip,Station entry/exit,taps,"2,337","2,617","2,326","2,097","1,287","2,272","2,584","2,325","2,083","1,342","31,672","361,284","1,456,327"
LU,711,SWMu,South Wimbledon,Station entry/exit,taps,"5,578","6,567","5,887","4,996","3,340","5,311","6,210","5,758","5,100","3,368","77,669","885,984","3,571,374"
LU,712,SWFu,South Woodford,Station entry/exit,taps,"5,944","6,803","6,263","5,419","3,337","6,238","7,020","6,481","5,440","3,437","84,028","958,513","3,863,738"
LU,705,SFSu,Southfields,Station entry/exit,taps,"7,813","9,139","8,036","6,811","4,328","7,504","8,580","7,286","6,079","4,297","105,312","1,201,302","4,842,413"
LU,706,SGTu,Southgate,Station entry/exit,taps,"5,678","6,257","5,972","5,083","3,326","5,981","6,683","6,360","5,310","3,524","80,052","913,159","3,680,918"
LU,784,SWKu,Southwark,Station entry/exit,taps,"13,382","16,209","12,398","9,269","6,340","13,906","17,040","13,100","9,568","6,221","183,930","2,098,110","8,457,420"
LU,695,SJPu,St James's Park,Station entry/exit,taps,"16,505","18,855","14,758","9,166","6,960","16,957","18,838","15,524","9,785","8,144","210,880","2,405,531","9,696,624"
LU,696,SJWu,St John's Wood,Station entry/exit,taps,"9,927","10,699","10,552","7,470","5,350","10,228","10,960","10,861","7,686","5,605","132,657","1,513,238","6,099,817"
LU,697,STPu,St Paul's,Station entry/exit,taps,"13,706","17,339","12,930","9,074","6,239","14,300","17,872","13,186","8,763","5,876","189,706","2,164,000","8,723,021"
LU,713,STBu,Stamford Brook,Station entry/exit,taps,"3,346","4,041","3,677","3,029","1,998","3,291","3,893","3,414","2,772","1,953","47,280","539,330","2,174,025"
LU,714,STAu,Stanmore,Station entry/exit,taps,"4,883","5,419","4,911","4,651","2,928","4,978","5,445","4,944","4,662","3,108","67,655","771,745","3,110,882"
LU,715,STGu,Stepney Green,Station entry/exit,taps,"8,390","9,001","8,732","5,878","4,090","8,473","8,952","8,444","5,627","4,253","107,745","1,229,059","4,954,300"
LU,716,STKu,Stockwell,Station entry/exit,taps,"10,773","13,151","12,371","11,809","8,073","9,711","11,362","11,112","11,051","7,783","156,221","1,782,038","7,183,342"
LU,717,SPKu,Stonebridge Park,Station entry/exit,taps,"4,023","4,394","4,213","2,946","1,993","3,937","4,202","3,949","2,657","1,923","51,425","586,615","2,364,626"
LU,719,SFDu,Stratford,Station entry/exit,taps,"78,646","85,864","84,295","89,606","57,719","79,207","86,127","86,775","90,793","57,156","1,140,167","13,006,034","52,426,940"
LU,720,SHLu,Sudbury Hill,Station entry/exit,taps,"2,503","2,584","2,501","1,561","1,147","2,602","2,579","2,469","1,392","1,101","30,764","350,924","1,414,566"
LU,721,STNu,Sudbury Town,Station entry/exit,taps,"2,400","2,469","2,454","1,622","1,163","2,167","2,238","2,189","1,371","1,063","28,547","325,644","1,312,662"
LU,723,SWCu,Swiss Cottage,Station entry/exit,taps,"8,613","9,635","8,910","7,301","4,523","8,659","9,563","8,924","7,213","4,646","116,383","1,327,600","5,351,516"
LU,724,TEMu,Temple,Station entry/exit,taps,"13,712","16,521","12,468","7,297","4,545","14,291","17,469","13,746","7,326","4,338","179,691","2,049,761","8,262,524"
LU,725,THBu,Theydon Bois,Station entry/exit,taps,"1,045","1,304","1,083","1,058",574,"1,041","1,265","1,074","1,016",608,"15,205","173,447","699,160"
LU,726,TBEu,Tooting Bec,Station entry/exit,taps,"9,218","11,390","10,133","9,620","5,909","8,961","10,838","9,431","9,077","6,124","135,156","1,541,739","6,214,704"
LU,727,TBYu,Tooting Broadway,Station entry/exit,taps,"17,871","20,603","20,171","17,812","10,893","17,821","20,265","19,439","17,237","11,093","254,944","2,908,178","11,722,779"
LU,728,TCRu,Tottenham Court Road,Station entry/exit,taps,"80,517","101,289","95,438","113,578","62,212","79,181","100,474","95,826","110,513","60,954","1,303,506","14,869,263","59,937,561"
LU,729,TTHu,Tottenham Hale LU,Station entry/exit,taps,"21,181","23,191","23,357","23,475","16,027","20,502","21,971","22,814","21,173","15,633","299,648","3,418,119","13,778,335"
LU,730,TOTu,Totteridge & Whetstone,Station entry/exit,taps,"3,236","3,759","3,289","2,889","1,944","3,179","3,640","3,165","2,734","1,893","44,527","507,930","2,047,451"
LU,731,THLu,Tower Hill,Station entry/exit,taps,"22,955","25,218","24,326","26,494","20,622","23,070","26,128","25,848","27,330","20,371","345,055","3,936,090","15,866,263"
LU,733,TPKu,Tufnell Park,Station entry/exit,taps,"4,731","5,407","5,543","4,958","3,253","4,533","5,223","4,877","4,594","3,249","67,628","771,439","3,109,648"
LU,734,TGRu,Turnham Green,Station entry/exit,taps,"6,891","8,276","7,797","7,092","5,189","6,915","8,345","8,120","7,057","5,247","104,171","1,188,294","4,789,979"
LU,735,TPLu,Turnpike Lane,Station entry/exit,taps,"11,074","12,471","12,264","10,926","7,625","11,488","12,845","12,405","10,690","7,986","160,403","1,829,736","7,375,611"
LU,736,UPMu,Upminster,Station entry/exit,taps,"7,679","8,432","7,542","6,509","3,668","7,583","9,355","7,529","6,772","3,598","104,243","1,189,109","4,793,263"
LU,737,UPBu,Upminster Bridge,Station entry/exit,taps,"1,495","1,625","1,432",702,374,"1,523","1,619","1,429",624,381,"17,691","201,805","813,470"
LU,738,UPYu,Upney,Station entry/exit,taps,"3,663","3,978","3,875","2,735","1,912","3,325","3,642","3,404","2,372","1,745","45,889","523,461","2,110,054"
LU,739,UPKu,Upton Park,Station entry/exit,taps,"17,549","19,667","18,184","16,214","12,665","16,718","18,076","19,013","15,636","12,739","241,948","2,759,931","11,125,202"
LU,740,UXBu,Uxbridge,Station entry/exit,taps,"8,470","8,920","8,523","5,893","3,961","8,389","8,728","8,325","5,677","3,886","106,069","1,209,941","4,877,237"
LU,777,VUXu,Vauxhall LU,Station entry/exit,taps,"32,092","38,565","36,435","35,130","24,692","30,103","35,828","33,054","31,848","24,045","470,579","5,367,954","21,638,065"
LU,741,VICu,Victoria LU,Station entry/exit,taps,"83,939","99,119","90,642","93,427","63,464","90,203","105,413","91,913","94,774","67,464","1,289,424","14,708,629","59,290,047"
LU,742,WALu,Walthamstow Central,Station entry/exit,taps,"19,690","22,522","20,806","19,458","13,034","19,395","22,088","20,545","19,223","13,075","279,057","3,183,234","12,831,522"
LU,743,WANu,Wanstead,Station entry/exit,taps,"2,774","3,282","2,875","2,705","1,834","2,788","3,308","2,862","2,678","1,883","40,168","458,205","1,847,009"
LU,745,WSTu,Warren Street,Station entry/exit,taps,"22,546","26,692","21,240","12,448","8,494","23,588","28,343","22,633","12,290","8,599","296,946","3,387,304","13,654,122"
LU,746,WARu,Warwick Avenue,Station entry/exit,taps,"4,482","5,214","4,959","4,217","2,980","4,501","5,110","4,755","4,270","3,202","64,335","733,881","2,958,252"
LU,747,WLOu,Waterloo LU,Station entry/exit,taps,"106,871","131,313","110,512","94,040","55,975","99,731","133,966","103,168","92,971","58,174","1,517,278","17,307,782","69,767,157"
LU,748,WATu,Watford,Station entry/exit,taps,"3,023","3,224","2,942","1,751","1,075","3,051","3,127","2,933","1,720","1,119","36,665","418,237","1,685,902"
LU,751,WEMu,Wembley Central,Station entry/exit,taps,"7,566","7,657","7,849","7,156","4,713","8,051","8,308","8,211","7,219","5,036","103,699","1,182,912","4,768,282"
LU,752,WPKu,Wembley Park,Station entry/exit,taps,"22,855","25,480","27,083","24,908","17,273","22,485","24,734","26,868","24,528","16,631","333,274","3,801,699","15,324,537"
LU,753,WACu,West Acton,Station entry/exit,taps,"1,691","1,818","1,796","1,527","1,109","1,708","1,786","1,769","1,578","1,152","23,138","263,943","1,063,947"
LU,755,WBTu,West Brompton,Station entry/exit,taps,"8,026","8,974","9,457","7,203","4,493","8,232","9,322","9,149","6,961","4,404","112,815","1,286,891","5,187,420"
LU,756,WFYu,West Finchley,Station entry/exit,taps,"2,196","2,506","2,228","1,701","1,136","2,053","2,358","2,021","1,596","1,122","28,644","326,746","1,317,105"
LU,757,WHMu,West Ham,Station entry/exit,taps,"8,597","9,325","8,798","6,685","4,687","8,275","9,033","8,551","6,591","4,534","111,791","1,275,212","5,140,343"
LU,758,WHDu,West Hampstead LU,Station entry/exit,taps,"12,674","14,432","13,368","12,141","8,071","11,985","13,439","12,523","11,425","7,798","173,599","1,980,266","7,982,394"
LU,759,WHRu,West Harrow,Station entry/exit,taps,"1,878","2,043","1,890","1,629","1,106","1,918","2,197","1,902","1,579","1,116","25,741","293,635","1,183,634"
LU,760,WKNu,West Kensington,Station entry/exit,taps,"5,317","6,303","6,257","6,233","4,427","5,069","5,952","5,414","5,663","4,347","79,489","906,739","3,655,039"
LU,762,WRPu,West Ruislip,Station entry/exit,taps,"2,069","2,445","2,108","2,230","1,231","2,179","2,446","2,110","2,328","1,249","30,174","344,203","1,387,471"
LU,754,WBPu,Westbourne Park,Station entry/exit,taps,"6,088","6,936","6,662","6,129","3,971","5,764","6,646","6,371","5,588","3,810","85,128","971,065","3,914,332"
LU,761,WMSu,Westminster,Station entry/exit,taps,"27,706","29,872","27,260","27,562","20,301","29,573","31,814","28,818","30,148","21,391","397,817","4,537,946","18,292,327"
LU,764,WCTu,White City,Station entry/exit,taps,"12,773","14,948","11,736","9,621","6,536","12,542","14,605","11,650","10,028","6,769","170,313","1,942,786","7,831,313"
LU,763,WCLu,Whitechapel,Station entry/exit,taps,"29,268","31,039","29,962","22,638","16,465","29,246","30,898","30,006","23,286","16,778","383,461","4,374,186","17,632,213"
LU,765,WLGu,Willesden Green,Station entry/exit,taps,"8,343","9,272","9,061","7,637","5,546","8,411","9,226","8,979","7,546","5,681","116,701","1,331,219","5,366,103"
LU,766,WJNu,Willesden Junction,Station entry/exit,taps,"7,361","7,979","7,905","5,589","3,619","7,057","7,742","7,473","5,224","3,708","95,099","1,084,807","4,372,825"
LU,767,WIMu,Wimbledon,Station entry/exit,taps,"24,304","28,269","25,628","24,669","14,337","26,834","30,444","28,147","26,400","15,746","362,202","4,131,681","16,654,684"
LU,768,WMPu,Wimbledon Park,Station entry/exit,taps,"2,782","3,178","2,969","2,636","1,545","2,772","3,118","2,847","2,487","1,677","38,600","440,310","1,774,878"
LU,770,WGNu,Wood Green,Station entry/exit,taps,"12,202","13,504","13,515","12,373","8,389","11,959","13,322","13,172","12,016","8,084","172,185","1,964,142","7,917,397"
LU,599,WDLu,Wood Lane,Station entry/exit,taps,"7,665","8,826","7,779","7,631","5,038","8,157","9,322","8,099","8,199","5,422","112,432","1,282,521","5,169,804"
LU,769,WFDu,Woodford,Station entry/exit,taps,"6,914","7,907","7,120","6,147","3,851","6,716","7,683","6,874","5,781","3,783","93,958","1,071,796","4,320,377"
LU,771,WSPu,Woodside Park,Station entry/exit,taps,"4,986","5,806","5,677","4,700","3,301","4,794","5,153","4,702","3,649","2,842","67,528","770,301","3,105,060"
LO,1404,ACCr,Acton Central,Station entry/exit,taps,"2,392","2,582","2,625","2,337","1,743","2,365","2,492","2,423","2,271","1,791","33,169","402,820","1,666,135"
LO,5397,ANYr,Anerley,Station entry/exit,taps,"1,876","2,111","1,999","2,141","1,200","1,749","1,713","1,723","1,601","1,277","25,040","304,100","1,257,810"
LO,514,BKGu,Barking,---see LU---,taps,---,---,---,---,---,---,---,---,---,---,---,---,---
LO,1335,BGVr,Barking Riverside,Station entry/exit,taps,"1,985","2,114","1,955","1,289",760,"1,714","1,829","1,649","1,063",708,"22,950","278,716","1,152,817"
LO,6961,BETr,Bethnal Green LO,Station entry/exit,taps,"2,603","2,794","2,820","2,838","1,076","2,946","3,279","3,289","2,896","1,093","37,780","458,821","1,897,762"
LO,522,BHRu,Blackhorse Road,---see LU---,taps,---,---,---,---,---,---,---,---,---,---,---,---,---
LO,5404,BCYr,Brockley,Station entry/exit,taps,"5,279","6,208","6,127","5,938","4,182","5,490","6,421","5,841","5,325","4,551","80,623","979,127","4,049,840"
LO,1437,BSYr,Brondesbury,Station entry/exit,taps,"3,827","3,947","4,113","3,705","2,238","3,700","3,719","3,736","3,180","2,280","49,775","604,496","2,500,300"
LO,1438,BSPr,Brondesbury Park,Station entry/exit,taps,"2,010","2,098","2,097","1,954","1,123","2,087","2,110","2,030","1,787","1,152","26,865","326,265","1,349,490"
LO,6958,BCVr,Bruce Grove,Station entry/exit,taps,"3,123","3,482","3,340","3,091","2,002","2,818","3,143","3,020","2,648","1,887","41,802","507,662","2,099,780"
LO,6913,BHKr,Bush Hill Park,Station entry/exit,taps,"3,487","3,998","3,608","3,273","1,944","4,101","3,532","3,378","2,441","1,980","46,802","568,390","2,350,961"
LO,1395,BSHr,Bushey,Station entry/exit,taps,"3,855","4,391","4,109","3,871","1,523","3,780","3,778","3,960","2,883","1,757","50,247","610,218","2,523,967"
LO,1439,CIRr,Caledonian Road & Barnsbury,Station entry/exit,taps,"2,788","3,078","3,104","2,595","1,480","3,172","3,327","3,169","2,561","1,651","39,736","482,576","1,996,018"
LO,6962,CBHr,Cambridge Heath,Station entry/exit,taps,"1,852","2,095","2,156","2,171","1,713","1,872","2,091","2,188","2,042","1,715","28,271","343,334","1,420,088"
LO,1440,CMDr,Camden Road,Station entry/exit,taps,"5,818","6,528","6,093","6,578","3,917","6,142","6,959","6,683","6,938","4,233","86,863","1,054,902","4,363,258"
LO,788,CWRu,Canada Water,---see LU---,taps,---,---,---,---,---,---,---,---,---,---,---,---,---
LO,1441,CNNr,Canonbury,Station entry/exit,taps,"4,002","4,764","4,461","4,141","2,740","3,841","4,458","4,175","3,980","2,865","57,870","702,807","2,906,930"
LO,1442,CPKr,Carpenders Park,Station entry/exit,taps,"2,225","2,342","2,313","1,963","1,044","2,254","2,411","2,290","1,904","1,152","29,403","357,089","1,476,980"
LO,6814,CHNr,Cheshunt,Boarding/alighting,lw,"1,402","1,336","1,394",970,991,"1,340","1,362","1,395",906,805,"17,299","210,081","868,933"
LO,6914,CHIr,Chingford,Station entry/exit,taps,"4,340","5,198","4,330","3,355","2,566","4,558","5,779","4,690","3,226","2,175","62,169","755,012","3,122,861"
LO,5301,CLPr,Clapham High Street,Station entry/exit,taps,"2,625","2,834","2,996","2,514","1,579","2,709","2,831","3,050","2,910","1,795","37,173","451,441","1,867,239"
LO,5595,CLJr,Clapham Junction,Boarding/alighting,lw,"22,263","22,903","21,399","17,075","9,540","19,829","20,394","19,053","15,440","8,774","263,263","3,197,197","13,224,162"
LO,6926,CPTr,Clapton,Station entry/exit,taps,"3,685","4,246","4,066","3,535","2,475","3,492","3,968","3,642","3,085","2,479","51,101","620,591","2,566,872"
LO,7406,CRHr,Crouch Hill,Station entry/exit,taps,"1,726","1,761","1,876","1,977","1,076","1,715","1,763","1,862","1,962","1,094","23,860","289,768","1,198,532"
LO,5356,CYPr,Crystal Palace,Boarding/alighting,lw,"3,469","3,562","3,349","2,650","2,313","3,479","3,444","3,119","2,644","2,368","44,408","539,315","2,230,699"
LO,1443,DLJr,Dalston Junction,Station entry/exit,taps,"6,540","8,130","8,967","9,583","5,599","6,496","8,314","9,413","9,879","5,830","111,638","1,355,785","5,607,762"
LO,1429,DLKr,Dalston Kingsland,Station entry/exit,taps,"7,068","8,183","8,756","8,894","5,196","7,019","8,036","9,061","9,517","5,265","109,433","1,329,010","5,497,017"
LO,5421,DMKr,Denmark Hill,Station entry/exit,taps,"9,494","11,180","9,671","5,497","3,196","9,713","10,938","9,510","5,365","3,433","122,233","1,484,451","6,139,947"
LO,6941,EDRr,Edmonton Green,Station entry/exit,taps,"6,457","6,965","6,747","5,699","3,383","6,521","6,874","6,653","5,191","3,482","85,650","1,040,173","4,302,336"
LO,7473,EMPr,Emerson Park,Station entry/exit,taps,545,671,631,376,143,423,438,408,257,117,"6,224","75,587","312,642"
LO,6959,ENFr,Enfield Town,Station entry/exit,taps,"3,799","4,571","4,171","3,299","1,848","3,637","4,219","3,690","2,888","1,828","51,528","625,779","2,588,329"
LO,1444,EUSr,Euston NR,Boarding/alighting,lw,"6,480","7,180","6,971","6,459","5,490","6,091","6,799","6,826","6,044","4,660","90,955","1,104,600","4,568,817"
LO,1445,FNYr,Finchley Road & Frognal,Station entry/exit,taps,"3,500","3,760","3,658","3,173","1,943","3,432","3,805","3,502","3,187","1,988","47,077","571,726","2,364,756"
LO,5362,FOHr,Forest Hill,Station entry/exit,taps,"6,437","7,759","6,796","6,294","3,562","5,944","6,833","5,748","5,095","3,525","87,178","1,058,728","4,379,082"
LO,1409,GPOr,Gospel Oak,Station entry/exit,taps,"3,915","4,341","4,330","3,197","2,691","3,909","4,365","4,203","3,393","2,704","54,459","661,378","2,735,574"
LO,591,GUNu,Gunnersbury,---see LU---,taps,---,---,---,---,---,---,---,---,---,---,---,---,---
LO,6977,HKCr,Hackney Central,Station entry/exit,taps,"9,811","10,977","10,639","11,489","6,601","11,210","12,895","12,497","14,058","8,263","156,183","1,896,759","7,845,324"
LO,6867,HACr,Hackney Downs,Station entry/exit,taps,"3,864","4,654","4,636","4,379","2,758","3,886","4,563","4,484","4,301","2,704","58,664","712,440","2,946,775"
LO,6978,HKWr,Hackney Wick,Station entry/exit,taps,"5,277","6,293","6,289","7,875","4,254","5,445","6,522","6,847","8,835","4,243","87,511","1,062,782","4,395,851"
LO,1022,HGGr,Haggerston,Station entry/exit,taps,"4,302","5,249","5,034","4,544","3,173","4,291","5,240","5,027","4,727","3,333","65,900","800,321","3,310,265"
LO,1413,HDHr,Hampstead Heath,Station entry/exit,taps,"5,257","5,482","5,256","5,087","4,066","5,292","5,443","5,227","5,303","4,159","72,423","879,540","3,637,929"
LO,596,HARu,Harlesden,---see LU---,taps,---,---,---,---,---,---,---,---,---,---,---,---,---
LO,7401,HRYr,Harringay Green Lanes,Station entry/exit,taps,"2,911","2,988","3,130","3,172","2,015","2,668","3,117","3,075","3,001","1,950","40,235","488,638","2,021,090"
LO,597,HAWu,Harrow & Wealdstone,---see LU---,taps,---,---,---,---,---,---,---,---,---,---,---,---,---
LO,1398,HTEr,Hatch End,Station entry/exit,taps,"1,230","1,445","1,277",939,566,"1,243","1,422","1,326",967,603,"16,748","203,400","841,297"
LO,1434,HDLr,Headstone Lane,Station entry/exit,taps,"1,312","1,318","1,303",867,464,"1,227","1,199","1,160",793,457,"15,132","183,773","760,115"
LO,6919,HIPr,Highams Park,Station entry/exit,taps,"4,669","5,619","4,778","3,562","2,068","4,473","5,167","4,490","3,216","2,087","61,700","749,314","3,099,291"
LO,603,HBYu,Highbury & Islington,---see LU---,taps,---,---,---,---,---,---,---,---,---,---,---,---,---
LO,6979,HMNr,Homerton,Station entry/exit,taps,"6,702","7,707","7,649","6,189","3,695","6,564","7,327","6,925","5,595","3,830","92,248","1,120,300","4,633,757"
LO,5418,HPAr,Honor Oak Park,Station entry/exit,taps,"3,765","4,606","3,947","3,770","2,273","3,728","4,403","3,638","3,418","2,340","53,906","654,664","2,707,804"
LO,1023,HOXr,Hoxton,Station entry/exit,taps,"4,831","6,010","5,546","5,224","4,031","4,953","6,200","5,800","5,765","4,725","77,507","941,287","3,893,328"
LO,9586,IMWr,Imperial Wharf,Station entry/exit,taps,"4,568","5,104","4,846","2,822","1,875","4,594","5,003","4,712","2,729","1,799","58,265","707,600","2,926,757"
LO,617,KGNu,Kensal Green,---see LU---,taps,---,---,---,---,---,---,---,---,---,---,---,---,---
LO,1448,KNRr,Kensal Rise,Station entry/exit,taps,"4,945","5,405","5,423","5,132","2,873","5,049","5,492","5,212","5,281","3,065","69,672","846,125","3,499,722"
LO,618,OLYu,Kensington (Olympia),Station entry/exit,taps,"3,750","3,847","3,886","3,429","2,203","3,779","4,162","3,823","3,527","2,053","50,476","613,005","2,535,495"
LO,1449,KTWr,Kentish Town West,Station entry/exit,taps,"2,986","3,394","3,261","3,236","1,905","2,872","3,624","3,213","3,005","1,907","43,439","527,544","2,182,012"
LO,620,KETu,Kenton,---see LU---,taps,---,---,---,---,---,---,---,---,---,---,---,---,---
LO,621,KEWu,Kew Gardens,---see LU---,taps,---,---,---,---,---,---,---,---,---,---,---,---,---
LO,1415,KBNr,Kilburn High Road,Station entry/exit,taps,"1,242","1,318","1,439","1,127",810,"1,286","1,389","1,395","1,113",859,"17,392","211,215","873,623"
LO,7402,LEMr,Leyton Midland Road,Station entry/exit,taps,"2,869","3,357","3,241","2,940","1,672","2,815","3,306","3,035","2,564","1,702","40,827","495,828","2,050,830"
LO,7403,LERr,Leytonstone High Road,Station entry/exit,taps,"2,093","2,379","2,412","2,187","1,347","2,027","2,394","2,299","2,014","1,362","30,058","365,043","1,509,880"
LO,6965,LSTr,Liverpool Street NR,Boarding/alighting,lw,"23,681","28,217","23,410","18,093","12,566","22,894","27,201","23,169","17,531","16,641","324,237","3,937,694","16,286,988"
LO,6966,LOFr,London Fields,Station entry/exit,taps,"3,014","3,420","3,501","3,668","2,346","3,056","3,607","3,678","3,876","2,402","46,623","566,210","2,341,945"
LO,5150,NWXr,New Cross,Boarding/alighting,lw,"4,034","4,124","3,901","3,863","2,552","4,148","4,226","3,907","3,946","2,816","54,216","658,428","2,723,372"
LO,5345,NXGr,New Cross Gate,Station entry/exit,taps,"6,351","6,689","6,955","6,181","4,732","7,271","8,016","8,305","8,928","4,947","97,787","1,187,571","4,911,998"
LO,659,NWBu,North Wembley,---see LU---,taps,---,---,---,---,---,---,---,---,---,---,---,---,---
LO,5376,NWDr,Norwood Jn,Station entry/exit,taps,"6,758","7,707","7,081","5,661","3,680","6,373","7,204","6,189","4,757","3,467","88,698","1,077,189","4,455,440"
LO,5423,PMRr,Peckham Rye,Station entry/exit,taps,"9,238","11,391","10,782","10,991","6,324","8,820","11,854","11,528","11,675","6,331","145,424","1,766,102","7,304,904"
LO,5378,PNWr,Penge West,Station entry/exit,taps,"1,090","1,266","1,363","1,431",971,"1,105","1,212","1,300","1,189",969,"16,854","204,688","846,627"
LO,680,QPKu,Queen's Park,---see LU---,taps,---,---,---,---,---,---,---,---,---,---,---,---,---
LO,5424,QRPr,Queens Road Peckham,Station entry/exit,taps,"5,043","5,689","5,736","5,740","3,275","5,031","5,377","5,665","5,035","3,552","72,275","877,746","3,630,511"
LO,6967,RECr,Rectory Road,Station entry/exit,taps,"2,495","2,946","2,781","2,459","1,506","2,414","2,754","2,501","2,073","1,707","35,034","425,471","1,759,823"
LO,686,RMDu,Richmond,---see LU---,taps,---,---,---,---,---,---,---,---,---,---,---,---,---
LO,6886,RMFr,Romford,---see EZL---,taps,---,---,---,---,---,---,---,---,---,---,---,---,---
LO,1039,ROEr,Rotherhithe,Station entry/exit,taps,"2,183","2,551","2,595","2,389","1,731","1,992","2,327","2,318","2,157","1,609","31,605","383,833","1,587,598"
LO,698,SVSu,Seven Sisters,---see LU---,taps,---,---,---,---,---,---,---,---,---,---,---,---,---
LO,1082,SDEr,Shadwell LO,Station entry/exit,taps,"5,135","5,786","5,862","5,311","3,728","5,226","5,910","6,017","5,179","3,545","75,091","911,936","3,771,926"
LO,9587,SPBr,Shepherd's Bush NR,Station entry/exit,taps,"11,312","13,245","12,364","11,557","5,847","11,059","12,826","11,428","11,615","5,079","158,476","1,924,610","7,960,521"
LO,1024,SDCr,Shoreditch High Street,Station entry/exit,taps,"8,278","10,751","9,499","10,720","6,908","8,541","11,445","10,845","12,683","6,977","141,040","1,712,856","7,084,671"
LO,6972,SLVr,Silver Street,Station entry/exit,taps,"4,775","4,905","4,897","3,722","2,648","4,781","4,743","4,760","3,588","2,391","60,503","734,777","3,039,166"
LO,1452,SATr,South Acton,Station entry/exit,taps,"1,551","1,625","1,557","1,511","1,022","1,641","1,768","1,448","1,407","1,021","21,336","259,112","1,071,730"
LO,1451,SOHr,South Hampstead,Station entry/exit,taps,"1,074","1,076","1,083",790,527,"1,002","1,067","1,145",712,538,"13,301","161,530","668,118"
LO,709,SKTu,South Kenton,---see LU---,taps,---,---,---,---,---,---,---,---,---,---,---,---,---
LO,7404,STOr,South Tottenham,Station entry/exit,taps,"2,425","3,000","2,581","2,046","1,492","2,622","3,058","2,831","2,194","1,559","35,922","436,254","1,804,422"
LO,6947,SBUr,Southbury,Station entry/exit,taps,"1,703","1,802","1,756","1,309",950,"1,841","2,007","1,865","1,421","1,055","23,327","283,291","1,171,739"
LO,6973,SJSr,St James Street,Station entry/exit,taps,"2,368","2,797","2,728","2,386","1,521","2,432","2,792","2,618","2,260","1,522","34,602","420,223","1,738,114"
LO,6968,SMHr,Stamford Hill,Station entry/exit,taps,"1,805","1,868","1,894","1,410","1,120","1,616","1,670","1,597","1,198","1,076","22,330","271,186","1,121,672"
LO,6934,SKWr,Stoke Newington,Station entry/exit,taps,"2,847","3,311","3,296","3,080","2,104","2,611","3,076","2,927","2,653","1,937","40,617","493,275","2,040,271"
LO,717,SPKu,Stonebridge Park,---see LU---,taps,---,---,---,---,---,---,---,---,---,---,---,---,---
LO,719,SFDu,Stratford,---see LU---,taps,---,---,---,---,---,---,---,---,---,---,---,---,---
LO,1083,SQEr,Surrey Quays,Station entry/exit,taps,"6,459","7,155","7,250","6,469","4,453","6,168","6,774","6,624","5,904","4,282","89,396","1,085,667","4,490,507"
LO,5437,SYDr,Sydenham,Station entry/exit,taps,"5,343","6,193","5,563","4,798","3,088","5,517","6,331","5,427","4,518","3,232","75,059","911,555","3,770,349"
LO,6949,TEOr,Theobalds Grove,Station entry/exit,taps,"1,268","1,360","1,274","1,077",596,"1,160","1,275","1,188",945,578,"15,991","194,204","803,263"
LO,6952,TURr,Turkey Street,Station entry/exit,taps,"1,894","1,948","1,935","1,583",965,"1,745","1,978","1,927","1,364",955,"24,146","293,236","1,212,877"
LO,736,UPMu,Upminster,---see LU---,taps,---,---,---,---,---,---,---,---,---,---,---,---,---
LO,1524,UHLr,Upper Holloway,Station entry/exit,taps,"2,924","3,102","2,980","2,457","1,549","2,915","3,096","3,099","2,510","1,442","38,470","467,195","1,932,399"
LO,742,WALu,Walthamstow Central,---see LU---,taps,---,---,---,---,---,---,---,---,---,---,---,---,---
LO,7407,WMWr,Walthamstow Queen's Road,Station entry/exit,taps,"2,257","2,426","2,378","2,123","1,297","2,500","2,526","2,492","2,204","1,346","31,452","381,970","1,579,896"
LO,5372,WWRr,Wandsworth Road,Station entry/exit,taps,"1,266","1,392","1,396","1,148",691,"1,262","1,365","1,254","1,068",716,"17,072","207,333","857,566"
LO,7408,WNPr,Wanstead Park,Station entry/exit,taps,"2,642","2,951","2,825","2,318","1,440","2,548","3,013","2,690","2,174","1,544","36,074","438,097","1,812,044"
LO,1085,WPEr,Wapping,Station entry/exit,taps,"2,870","3,368","3,286","3,615","2,323","2,805","3,306","3,123","3,422","2,333","43,796","531,886","2,199,971"
LO,1455,WFHr,Watford High Street,Station entry/exit,taps,"2,205","2,277","2,416","2,055","1,326","2,084","2,193","2,311","2,084","1,314","29,204","354,669","1,466,973"
LO,1402,WFJr,Watford Junction,Station entry/exit,taps,"11,943","13,339","11,709","9,165","5,533","11,905","12,985","10,826","8,019","5,231","153,303","1,861,780","7,700,647"
LO,751,WEMu,Wembley Central,---see LU---,taps,---,---,---,---,---,---,---,---,---,---,---,---,---
LO,755,WBTu,West Brompton,---see LU---,taps,---,---,---,---,---,---,---,---,---,---,---,---,---
LO,5411,WCYr,West Croydon NR,Station entry/exit,taps,"6,219","6,660","6,347","4,657","2,874","5,997","6,703","6,038","4,511","2,735","79,466","965,073","3,991,709"
LO,1421,WHDr,West Hampstead LO,Station entry/exit,taps,"6,981","7,778","7,452","7,184","4,571","6,908","7,702","7,279","6,781","4,452","98,048","1,190,744","4,925,122"
LO,6956,WHLr,White Hart Lane,Station entry/exit,taps,"3,127","3,433","3,335","2,293","1,407","2,933","3,226","3,064","2,090","1,379","39,602","480,951","1,989,296"
LO,763,WCLu,Whitechapel,---see LU---,taps,---,---,---,---,---,---,---,---,---,---,---,---,---
LO,766,WJNu,Willesden Junction,---see LU---,taps,---,---,---,---,---,---,---,---,---,---,---,---,---
LO,6954,WSTr,Wood Street,Station entry/exit,taps,"3,528","4,140","3,858","3,262","1,904","3,392","3,973","3,523","2,995","2,016","48,817","592,852","2,452,138"
LO,7467,WGRr,Woodgrange Park,Station entry/exit,taps,"1,862","2,145","1,948","1,571","1,085","1,486","1,710","1,518","1,209",947,"23,188","281,601","1,164,750"
DLR,750,ABRd,Abbey Road,Station entry/exit,apc,"2,133","2,205","2,167","1,637","1,265","2,124","2,147","2,107","1,632","1,281","27,400","338,526","1,359,894"
DLR,850,ALSd,All Saints,Station entry/exit,apc,"2,668","2,780","2,667","2,270","1,525","2,615","2,754","2,598","2,182","1,527","34,656","428,162","1,719,972"
DLR,513,BNKu,Bank and Monument,---see LU---,taps,---,---,---,---,---,---,---,---,---,---,---,---,---
DLR,895,BECd,Beckton,Station entry/exit,apc,"2,554","2,700","2,766","1,781","1,265","2,769","2,778","2,814","1,841","1,281","33,504","413,938","1,662,833"
DLR,891,BEPd,Beckton Park,Station entry/exit,apc,671,726,736,552,382,665,730,742,535,385,"9,034","111,614","448,365"
DLR,882,BLAd,Blackwall,Station entry/exit,apc,"1,946","2,092","2,034","1,718","1,114","2,192","2,345","2,253","1,826","1,153","27,548","340,352","1,367,228"
DLR,851,BOCd,Bow Church,Station entry/exit,apc,"5,100","5,481","5,481","4,050","3,139","3,669","3,864","4,017","3,155","2,597","59,241","731,908","2,940,151"
DLR,842,CAWd,Canary Wharf DLR,Station entry/exit,apc,"15,311","17,824","15,269","13,856","10,115","16,022","18,502","16,324","14,857","10,501","221,233","2,733,276","10,979,860"
DLR,884,CNTu,Canning Town,---see LU---,taps,---,---,---,---,---,---,---,---,---,---,---,---,---
DLR,854,CROd,Crossharbour,Station entry/exit,apc,"4,702","5,023","4,965","4,013","2,910","4,694","4,987","4,720","3,812","2,921","62,768","775,477","3,115,175"
DLR,887,CUHd,Custom House DLR,Station entry/exit,apc,"6,546","8,021","7,244","6,298","4,539","4,257","5,432","4,509","3,883","2,980","80,615","995,979","4,000,954"
DLR,879,CUSd,Cutty Sark,---station closed---,apc,---,---,---,---,---,---,---,---,---,---,---,---,---
DLR,893,CYPd,Cyprus,Station entry/exit,apc,"3,857","3,481","2,695",851,585,"4,951","4,357","3,221",963,714,"41,354","510,919","2,052,416"
DLR,897,DEBd,Deptford Bridge,Station entry/exit,taps,"4,367","4,342","4,494","4,157","2,883","4,453","4,453","4,373","3,989","2,884","57,982","716,354","2,877,671"
DLR,867,DERd,Devons Road,Station entry/exit,apc,"3,552","3,845","3,879","2,904","2,302","3,480","3,710","3,622","2,766","2,225","47,398","585,594","2,352,392"
DLR,883,EAId,East India,Station entry/exit,apc,"6,734","7,347","6,726","3,712","2,450","7,023","7,745","7,021","3,771","2,425","85,138","1,051,858","4,225,426"
DLR,898,ELRd,Elverson Road,Station entry/exit,apc,"1,970","2,093","2,088","1,693","1,360","1,973","2,025","2,018","1,625","1,466","26,547","327,987","1,317,557"
DLR,894,GARd,Gallions Reach,Station entry/exit,apc,"2,447","2,701","2,668","2,190","1,545","2,627","2,928","2,734","2,288","1,656","35,042","432,934","1,739,141"
DLR,928,GREd,Greenwich,Boarding/alighting,apc,"21,113","23,391","22,731","19,660","16,908","24,817","25,268","24,431","21,078","18,635","315,351","3,896,073","15,650,937"
DLR,855,HEQd,Heron Quays,Station entry/exit,apc,"6,909","7,752","7,171","4,927","4,581","7,733","8,783","8,193","5,589","4,914","99,621","1,230,791","4,944,218"
DLR,856,ISGd,Island Gardens,Station entry/exit,apc,"3,716","4,006","3,997","3,784","3,014","3,557","3,644","3,599","3,190","2,620","50,426","623,002","2,502,666"
DLR,523,KGVd,King George V,Station entry/exit,apc,"2,437","2,556","2,596","1,929","1,412","2,536","2,589","2,589","1,960","1,486","32,380","400,045","1,607,023"
DLR,853,LAPd,Langdon Park,Station entry/exit,apc,"5,492","5,713","5,596","4,338","3,487","5,380","5,517","5,500","4,499","3,377","71,358","881,608","3,541,515"
DLR,940,LEWd,Lewisham DLR,Station entry/exit,apc,"10,117","10,906","10,076","8,200","6,054","10,174","10,873","9,869","7,998","6,013","133,837","1,653,520","6,642,363"
DLR,862,LIMd,Limehouse DLR,Station entry/exit,apc,"9,220","10,197","9,775","7,198","4,892","12,815","15,213","14,387","10,148","6,732","151,398","1,870,480","7,513,917"
DLR,533,LCAd,London City Airport,Station entry/exit,apc,"5,542","5,621","6,001","2,047","3,307","6,036","5,857","6,122","2,169","3,646","69,303","856,221","3,439,530"
DLR,857,MUDd,Mudchute,Station entry/exit,apc,"2,375","2,643","2,523","2,265","1,776","2,300","2,421","2,318","2,221","1,875","32,845","405,793","1,630,113"
DLR,538,PDKd,Pontoon Dock,Station entry/exit,apc,"2,084","2,051","2,102","1,916","1,343","5,092","5,013","5,228","4,844","3,566","47,368","585,214","2,350,867"
DLR,858,POPd,Poplar,Station entry/exit,apc,"2,384","2,545","2,239","1,625","1,131","2,495","2,588","2,316","1,860","1,243","30,692","379,191","1,523,250"
DLR,888,PRRd,Prince Regent,Station entry/exit,apc,"1,588","1,718","1,840","1,505","1,208","1,791","1,831","1,863","1,702","1,142","23,286","287,692","1,155,690"
DLR,859,PMLd,Pudding Mill Lane,Station entry/exit,apc,"2,064","3,991","3,989","4,659","4,091","2,225","4,009","3,978","4,293","4,013","53,310","658,630","2,645,788"
DLR,890,ROAd,Royal Albert,Station entry/exit,apc,"1,808","1,919","1,910","1,741","1,426","2,017","2,010","2,121","1,902","1,319","26,031","321,610","1,291,942"
DLR,886,ROVd,Royal Victoria,Station entry/exit,apc,"3,358","3,505","3,590","4,103","2,729","2,803","2,968","3,028","3,287","2,182","44,497","549,751","2,208,409"
DLR,860,SHAd,Shadwell DLR,Station entry/exit,apc,"8,480","9,257","8,908","6,896","4,836","8,569","9,359","8,967","6,820","4,860","114,184","1,410,716","5,666,995"
DLR,861,SOQd,South Quay,Station entry/exit,apc,"6,214","6,853","6,076","4,219","3,288","6,366","7,135","6,124","4,109","3,318","81,679","1,009,121","4,053,745"
DLR,889,STLd,Star Lane,Station entry/exit,apc,"2,046","2,263","2,015","1,587","1,039","2,163","2,305","2,213","1,733","1,116","27,619","341,226","1,370,741"
DLR,719,SFDu,Stratford,---see LU---,taps,---,---,---,---,---,---,---,---,---,---,---,---,---
DLR,749,SHSd,Stratford High Street,Station entry/exit,apc,"1,837","1,866","1,698","1,077",892,"1,828","1,899","1,798","1,196",933,"22,556","278,672","1,119,457"
DLR,504,STId,Stratford International DLR,Station entry/exit,apc,"5,868","6,390","6,495","5,911","4,192","5,331","5,644","5,847","5,538","3,999","79,280","979,485","3,934,694"
DLR,864,TOGd,Tower Gateway,Station entry/exit,apc,"3,670","4,249","3,756","3,362","2,523","4,220","4,945","4,298","3,893","2,949","56,251","694,971","2,791,773"
DLR,757,WHMu,West Ham,---see LU---,taps,---,---,---,---,---,---,---,---,---,---,---,---,---
DLR,866,WIQd,West India Quay,Station entry/exit,apc,"3,293","3,744","4,339","4,443","3,154","3,273","3,582","4,032","4,026","2,682","51,221","632,821","2,542,108"
DLR,559,WSId,West Silvertown,Station entry/exit,apc,"3,335","3,623","3,573","3,499","2,376","3,126","3,379","3,280","3,480","2,088","45,763","565,387","2,271,220"
DLR,865,WESd,Westferry,Station entry/exit,apc,"6,049","6,593","6,455","5,930","4,264","6,103","6,519","6,337","5,769","4,243","84,487","1,043,815","4,193,115"
DLR,573,WOAd,Woolwich Arsenal,Boarding/alighting,apc,"9,042","9,396","9,608","7,658","5,716","9,323","9,769","9,841","7,831","6,327","122,842","1,517,679","6,096,679"
EZL,5131,ABWr,Abbey Wood,Boarding/alighting,lw,"26,216","29,339","26,231","20,523","13,852","30,074","33,057","29,551","22,710","16,273","372,619","4,376,453","17,877,788"
EZL,3000,AMLr,Acton Main Line,Station entry/exit,taps,"5,152","5,956","5,822","5,245","3,199","5,166","5,770","5,007","5,068","3,285","73,120","858,799","3,508,190"
EZL,524,BDSu,Bond Street,---see LU---,taps,---,---,---,---,---,---,---,---,---,---,---,---,---
EZL,6872,BREr,Brentwood,Station entry/exit,taps,"6,108","6,593","6,093","4,201","2,298","5,946","6,241","5,753","3,908","2,216","75,025","881,182","3,599,623"
EZL,3176,BNMr,Burnham,Station entry/exit,taps,"3,037","3,446","3,090","2,307","1,244","2,984","3,258","3,089","2,183","1,216","39,260","461,109","1,883,629"
EZL,6560,CWXr,Canary Wharf EL,Station entry/exit,taps,"28,244","35,004","27,500","22,653","14,698","29,515","35,365","27,762","24,101","15,991","401,571","4,716,499","19,266,877"
EZL,6874,CTHr,Chadwell Heath,Station entry/exit,taps,"7,858","8,473","8,034","6,157","4,038","7,619","8,136","7,542","5,566","3,873","100,514","1,180,545","4,822,520"
EZL,6561,CUSr,Custom House EL,Station entry/exit,taps,"12,826","17,146","14,772","14,728","8,858","13,367","17,128","14,793","14,979","8,354","205,499","2,413,602","9,859,555"
EZL,560,EBYu,Ealing Broadway,---see LU---,taps,---,---,---,---,---,---,---,---,---,---,---,---,---
EZL,577,FARu,Farringdon,---see LU---,taps,---,---,---,---,---,---,---,---,---,---,---,---,---
EZL,6876,FOGr,Forest Gate,Station entry/exit,taps,"9,653","10,597","10,382","8,189","5,776","9,525","10,331","9,787","7,710","5,664","129,471","1,520,649","6,211,846"
EZL,6877,GDPr,Gidea Park,Station entry/exit,taps,"4,857","5,645","4,856","3,601","2,047","4,519","5,299","4,456","3,222","2,045","62,436","733,317","2,995,596"
EZL,6878,GMYr,Goodmayes,Station entry/exit,taps,"7,283","7,653","7,342","5,354","3,736","7,238","7,596","7,130","4,972","3,657","92,459","1,085,939","4,436,058"
EZL,3191,HANr,Hanwell,Station entry/exit,taps,"3,578","4,381","3,776","3,333","1,673","3,333","3,703","3,050","2,607","1,587","47,190","554,250","2,264,109"
EZL,6879,HROr,Harold Wood,Station entry/exit,taps,"6,400","7,045","6,620","4,386","2,511","6,174","6,816","6,240","4,058","2,343","80,314","943,302","3,853,383"
EZL,3186,HAYr,Hayes & Harlington,Station entry/exit,taps,--Pending--,--Pending--,--Pending--,--Pending--,--Pending--,--Pending--,--Pending--,--Pending--,--Pending--,--Pending--,--Pending--,--Pending--,--Pending--
EZL,7091,HAFr,Heathrow Terminal 4 EL,Station entry/exit,taps,"7,093","6,622","6,863","7,246","7,968","6,223","6,166","5,788","6,691","6,966","93,203","1,094,680","4,471,762"
EZL,9846,HWVr,Heathrow Terminal 5 EL,Station entry/exit,taps,"16,750","15,068","16,410","12,008","12,882","14,610","13,268","18,530","15,499","12,038","203,734","2,392,883","9,774,915"
EZL,7090,HXXr,Heathrow Terminals 2 & 3 EL,Station entry/exit,taps,"22,392","18,528","21,003","19,704","20,574","19,501","17,764","20,008","20,339","19,984","272,379","3,199,123","13,068,403"
EZL,6881,IFDr,Ilford,Station entry/exit,taps,"17,988","19,089","19,021","16,135","11,736","18,356","19,797","18,740","15,640","11,383","245,658","2,885,274","11,786,330"
EZL,3170,IVRr,Iver,Station entry/exit,taps,664,763,633,539,284,669,671,559,515,276,"8,442","99,157","405,057"
EZL,3171,LNYr,Langley,Station entry/exit,taps,"2,364","2,485","2,005","1,556",920,"2,231","2,587","2,009","1,412",972,"28,686","336,920","1,376,316"
EZL,634,LSTu,Liverpool Street LU,---see LU---,taps,---,---,---,---,---,---,---,---,---,---,---,---,---
EZL,3147,MAIr,Maidenhead,Station entry/exit,taps,"8,587","8,196","6,752","7,308","4,868","8,673","8,306","7,517","6,317","5,249","104,776","1,230,609","5,027,031"
EZL,6883,MNPr,Manor Park,Station entry/exit,taps,"6,592","7,484","7,051","5,729","4,161","6,376","6,929","6,593","5,203","3,950","88,893","1,044,061","4,264,983"
EZL,6970,MYLr,Maryland,Station entry/exit,taps,"6,720","7,354","7,166","5,624","3,946","6,409","6,882","6,450","4,891","3,785","87,697","1,030,016","4,207,612"
EZL,670,PADu,Paddington TfL,---see LU---,taps,---,---,---,---,---,---,---,---,---,---,---,---,---
EZL,3149,RDGr,Reading,Boarding/alighting,lw,"4,941","5,436","5,438","4,244","3,763","6,601","7,128","7,023","5,766","4,311","79,778","936,999","3,827,637"
EZL,6886,RMFr,Romford,Station entry/exit,taps,"15,780","17,536","16,778","13,522","8,040","16,814","18,506","17,488","13,754","8,482","218,784","2,569,645","10,496,990"
EZL,6893,SVKr,Seven Kings,Station entry/exit,taps,"6,920","7,294","7,073","5,294","3,730","6,392","6,737","6,327","4,600","3,475","85,903","1,008,941","4,121,518"
EZL,6888,SNFr,Shenfield,Boarding/alighting,lw,"5,029","5,157","4,949","3,249","1,933","6,093","6,336","6,535","4,873","2,526","69,668","818,256","3,342,570"
EZL,3172,SLOr,Slough,Station entry/exit,taps,"9,585","10,208","9,119","7,802","5,802","9,193","10,109","9,008","7,901","5,465","124,825","1,466,084","5,988,948"
EZL,3187,STLr,Southall,Station entry/exit,taps,"12,761","13,937","12,943","11,753","8,475","13,473","14,271","13,067","11,026","7,643","175,766","2,064,395","8,433,046"
EZL,719,SFDu,Stratford,---see LU---,taps,---,---,---,---,---,---,---,---,---,---,---,---,---
EZL,3151,TAPr,Taplow,Station entry/exit,taps,795,975,849,758,586,678,936,826,687,567,"11,478","134,809","550,695"
EZL,728,TCRu,Tottenham Court Road,---see LU---,taps,---,---,---,---,---,---,---,---,---,---,---,---,---
EZL,3155,TWYr,Twyford,Station entry/exit,taps,"2,461","3,436","2,661","2,259","1,945","1,770","2,340","1,509","1,254","1,029","32,217","378,394","1,545,738"
EZL,3174,WDTr,West Drayton,Station entry/exit,taps,"6,968","7,232","7,166","5,864","3,525","6,721","6,870","6,354","5,399","3,393","87,698","1,030,024","4,207,641"
EZL,3188,WEAr,West Ealing,Station entry/exit,taps,"4,427","5,348","4,873","4,310","2,309","4,087","4,740","4,192","3,976","2,602","61,041","716,933","2,928,670"
EZL,763,WCLu,Whitechapel,---see LU---,taps,---,---,---,---,---,---,---,---,---,---,---,---,---
EZL,6562,WWCr,Woolwich EL,Station entry/exit,taps,"21,197","24,153","22,611","20,368","14,221","21,087","23,714","21,204","19,008","13,338","296,636","3,484,018","14,232,197"
