year,MSOA21CD,MSOA21NM,study_submarket,n_quarters,office_units,office_total_floor_area,office_median_floor_area,office_p25_floor_area,office_p75_floor_area,office_small_unit_share,office_large_unit_share,office_large_floor_share,office_total_rateable_value,office_vacancy_proxy
2019,E02000001,City of London 001,City,4,14126.75,6144955.77,49.6425,16.856875,289.254375,0.6067834234067262,0.09555126436062854,0.7097383758713672,1895141170.0,0.18472161773811954
2019,E02000174,Camden 009,Tech Belt & Midtown,4,44.25,6892.4175,77.8875,29.754375,155.9475,0.6154761904761905,0.0,0.0,1798102.5,0.46898496240601506
2019,E02000177,Camden 012,Tech Belt & Midtown,4,33.75,2977.8224999999998,102.71000000000001,68.7675,146.23125,0.46576923076923077,0.0,0.0,950225.0,0.4180926916221034
2019,E02000180,Camden 015,Tech Belt & Midtown,4,35.75,6075.657499999999,100.2875,48.175000000000004,218.3375,0.48863636363636365,0.0,0.0,1580537.5,0.11363636363636365
2019,E02000183,Camden 018,Tech Belt & Midtown,4,266.75,54332.3425,57.34,23.47875,169.20625,0.6223232339787014,0.052758006948527045,0.4463696413421927,18264975.0,0.17553667929370392
2019,E02000184,Camden 019,Tech Belt & Midtown,4,245.75,62028.64249999999,85.47250000000001,27.923125,250.1,0.5436295592960926,0.05468434410026214,0.46258155342487584,18810237.5,0.18224620997509278
2019,E02000186,Camden 021,Tech Belt & Midtown,4,684.75,412036.01,66.1825,17.736874999999998,340.975,0.5678987437275309,0.11337983522170542,0.7572569480332187,121919522.5,0.20929672572507582
2019,E02000187,Camden 022,Tech Belt & Midtown,4,424.0,192987.305,41.64625,17.961875,211.665625,0.6690928780214495,0.08065992649325983,0.7419901431309588,112090637.5,0.059529338317408385
2019,E02000188,Camden 023,Tech Belt & Midtown,4,233.5,95736.405,127.05250000000001,37.210625,409.57500000000005,0.43229689173447644,0.07691654265024239,0.5539510096555204,27137385.0,0.590796761521319
2019,E02000191,Camden 026,West End,4,946.25,250453.13,67.65,29.070625,222.946875,0.5877065174587179,0.04748293280820794,0.4939227459763878,92626617.5,0.19654500200978983
2019,E02000192,Camden 027,Tech Belt & Midtown,4,2186.75,430928.7125,49.4725,17.585,157.894375,0.660554367981539,0.04326815013239502,0.482893718797427,127988465.0,0.2381707142135909
2019,E02000193,Camden 028,Tech Belt & Midtown,4,2916.75,783376.305,62.82125,20.1425,244.57125,0.6005761990281834,0.06068012743837963,0.5178560152770787,258475490.0,0.2154377727532202
2019,E02000369,Hackney 025,Tech Belt & Midtown,4,131.5,18421.6125,87.125,56.754374999999996,152.84375,0.5706909548195619,0.015262946366870103,0.1217033655858789,4039275.0,
2019,E02000370,Hackney 026,Tech Belt & Midtown,4,255.5,89057.6,157.3175,82.5,278.978125,0.32910265006124073,0.03637422240489342,0.45336386467615575,19029125.0,0.0
2019,E02000566,Islington 013,Tech Belt & Midtown,4,20.0,7528.3550000000005,141.0075,82.88,347.33250000000004,0.3,0.15,0.5377934781268698,1785150.0,0.13333333333333333
2019,E02000569,Islington 016,Tech Belt & Midtown,4,37.25,11656.527500000002,68.71499999999999,35.43125,179.87062500000002,0.6774436090225564,0.0537593984962406,0.6982843855882515,2651150.0,0.0
2019,E02000570,Islington 017,Tech Belt & Midtown,4,40.25,6639.637500000001,95.30625,71.988125,155.58625,0.5462276117122074,0.0,0.0,1612900.0,0.05474165676371559
2019,E02000571,Islington 018,Tech Belt & Midtown,4,118.25,14934.4375,98.63,50.857499999999995,177.009375,0.49578680432588873,0.0,0.0,2185562.5,0.4093531141840399
2019,E02000572,Islington 019,Tech Belt & Midtown,4,56.5,27350.949999999997,196.91875000000002,126.1475,522.3125,0.212406015037594,0.1593045112781955,0.5809786164284758,8000300.0,0.0664374840845429
2019,E02000573,Islington 020,Tech Belt & Midtown,4,617.25,130848.715,58.698750000000004,26.4125,169.6375,0.6351783326520137,0.027077281311356134,0.45230779905366003,25069540.0,0.24429078090796552
2019,E02000574,Islington 021,Tech Belt & Midtown,4,309.5,162599.105,138.89,33.97375,369.21999999999997,0.4087262430628382,0.09836006736650109,0.6709938140669915,48303568.75,0.0948652029094804
2019,E02000575,Islington 022,Tech Belt & Midtown,4,2588.25,687077.4675,103.72,36.6,227.59125,0.4828734515651355,0.04906064276224324,0.4494305763255513,207333575.0,0.10389480705568349
2019,E02000576,Islington 023,Tech Belt & Midtown,4,1283.5,544285.1224999999,163.1075,47.121875,448.37,0.3812870651384971,0.0954741104095609,0.5472164723929422,153511081.25,0.1616718703305553
2019,E02000588,Kensington and Chelsea 012,West End,4,514.0,78783.6625,66.6,22.6675,183.65625,0.6310481606303392,0.019657144320115883,0.18254014004931202,36214237.5,0.0596799043205046
2019,E02000590,Kensington and Chelsea 014,West End,4,221.25,27735.835,46.66875,22.271250000000002,86.673125,0.7604486067721361,0.02259918804036451,0.31329417111428143,13006850.0,0.237100620974513
2019,E02000594,Kensington and Chelsea 018,West End,4,101.75,20816.329999999998,96.225,37.66125,210.6625,0.5088641517212946,0.02025355596784168,0.16031562966390947,9360487.5,0.0731359649122807
2019,E02000595,Kensington and Chelsea 019,West End,4,36.0,7124.09,180.11,120.125,231.35,0.16666666666666666,0.0,0.0,2333750.0,0.09027777777777778
2019,E02000619,Lambeth 002,Southbank,4,186.5,31599.105,25.6975,14.623750000000001,47.01,0.9302944051520902,0.005361968834454603,0.7770229276240761,5503427.5,0.26683498811514095
2019,E02000620,Lambeth 003,Southbank,4,224.0,54885.7,57.13,27.595,183.55,0.6547085201793722,0.026905829596412557,0.4388281544274689,23743600.0,0.021583331127494058
2019,E02000621,Lambeth 004,Southbank,4,44.5,22194.0475,171.7275,109.58687499999999,331.64625,0.14376053252443546,0.0965214582631165,0.635185361680735,4366662.5,0.10690331875993642
2019,E02000808,Southwark 002,Southbank,4,2505.0,767041.3725,64.20375,19.97625,225.7075,0.5949373944679136,0.058529282895211455,0.5804222214770026,193661438.75,0.06206767176528924
2019,E02000810,Southwark 004,Southbank,4,20.0,5185.1675,128.51,77.554375,216.1,0.35,0.1,0.4231300238505042,396662.5,0.0
2019,E02000812,Southwark 006,Southbank,4,403.25,138972.05,45.785000000000004,17.66875,163.08375,0.6699082678329633,0.07548778174423426,0.6836676839384073,56371662.5,0.08367235969478713
2019,E02000815,Southwark 009,Southbank,4,120.5,24844.9,56.71000000000001,26.81875,167.0125,0.5809228650137741,0.016597796143250687,0.2376790426594647,6041812.5,0.31820046834989585
2019,E02000868,Tower Hamlets 005,Tech Belt & Midtown,4,32.75,3353.6225000000004,68.275,38.77,105.21375,0.6795343137254902,0.0,0.0,552512.5,0.0
2019,E02000869,Tower Hamlets 006,Tech Belt & Midtown,4,88.25,6209.2075,48.86,27.80625,76.16,0.824491444517882,0.0,0.0,817018.75,0.030791788856304986
2019,E02000872,Tower Hamlets 009,Tech Belt & Midtown,4,125.0,9923.1775,43.65625,24.155625,80.209375,0.8234051209150249,0.008145204851598128,0.10823386821895119,1849257.5,0.12516656441322627
2019,E02000873,Tower Hamlets 010,Tech Belt & Midtown,4,27.25,2794.27,21.5075,16.283749999999998,62.7975,0.7625320512820513,0.0396474358974359,0.3848537133078457,5303952.5,0.0
2019,E02000874,Tower Hamlets 011,Tech Belt & Midtown,4,148.25,6264.995,30.3425,20.026249999999997,44.568124999999995,0.966522798866656,0.0,0.0,1793075.0,0.09862836438923396
2019,E02000876,Tower Hamlets 013,Tech Belt & Midtown,4,164.75,9952.7275,25.544999999999998,14.004375,45.81375,0.8730309442632166,0.006431786120172506,0.14148473735489794,1065861.25,0.4847893400132206
2019,E02000878,Tower Hamlets 015,Tech Belt & Midtown,4,1442.0,275181.55000000005,33.58875,16.959375,73.834375,0.8101741576950845,0.027472543873697994,0.6178139179799008,76252876.25,0.17675062988455964
2019,E02000879,Tower Hamlets 016,Tech Belt & Midtown,4,42.5,2748.92,30.5325,10.95375,57.215,0.8152777777777778,0.0,0.0,559500.0,0.07346491228070175
2019,E02000880,Tower Hamlets 017,Tech Belt & Midtown,4,173.25,15083.1975,20.497500000000002,11.65,44.96,0.8364925080599356,0.005839553283573731,0.20194565561131694,1862075.0,0.20784991601234423
2019,E02000881,Tower Hamlets 018,Canary Wharf,4,68.0,5619.525000000001,27.175,15.6825,56.19500000000001,0.8278204723304208,0.015003333684247465,0.2750473749219552,722681.25,0.3300291218637993
2019,E02000883,Tower Hamlets 020,Canary Wharf,4,45.75,4193.825000000001,44.238749999999996,20.074375,78.64375,0.7908393490337325,0.0,0.0,682035.0,0.3493155849863167
2019,E02000884,Tower Hamlets 021,Tech Belt & Midtown,4,1275.75,285366.7625,40.3075,12.425,176.48125000000002,0.666928820540162,0.04885362941811802,0.49302785589336423,50904553.75,0.20495401444335343
2019,E02000885,Tower Hamlets 022,Tech Belt & Midtown,4,36.25,4162.505,55.223749999999995,26.3875,168.595,0.6157972933797174,0.0,0.0,589675.0,0.13407258064516128
2019,E02000886,Tower Hamlets 023,Canary Wharf,4,67.0,6281.175,23.16125,12.325,66.20625,0.8114872454239498,0.0,0.0,959227.5,0.23208333333333334
2019,E02000887,Tower Hamlets 024,Canary Wharf,4,34.0,9544.3025,104.6625,27.1775,272.7125,0.46875,0.0625,0.4420913629493449,2407545.0,0.16452569169960474
2019,E02000888,Tower Hamlets 025,Tech Belt & Midtown,4,93.0,5633.969999999999,47.6,23.299999999999997,72.25,0.8260869565217391,0.0,0.0,813450.0,0.6
2019,E02000889,Tower Hamlets 026,Tech Belt & Midtown,4,199.5,53738.225000000006,50.25,26.69375,164.14875,0.6247689947136263,0.09785323139921118,0.6346320810266892,7744507.5,0.3794818754925138
2019,E02000890,Tower Hamlets 027,Tech Belt & Midtown,4,402.75,128692.555,68.60499999999999,15.79375,259.6625,0.5832926742655538,0.10959333193028739,0.6189797660539553,26700425.0,0.14800581151821665
2019,E02000894,Tower Hamlets 031,Canary Wharf,4,64.25,214219.555,30.5,16.690625,64.83125,0.7941066997518611,0.15918114143920598,0.989795239955533,26842060.0,0.1244047619047619
2019,E02000967,Westminster 008,West End,4,412.5,106659.3325,66.80125,25.341250000000002,143.92875,0.634622738616271,0.03455315828411382,0.60568969950549,35657111.25,
2019,E02000968,Westminster 009,West End,4,62.75,9218.16,105.63,50.833124999999995,158.72062499999998,0.450199564586357,0.018958635703918723,0.21130105139356953,4226325.0,
2019,E02000969,Westminster 010,West End,4,137.5,14988.650000000001,29.44,24.158749999999998,62.44,0.8127284275253174,0.007273977858712864,0.16904164314538678,4488337.5,
2019,E02000970,Westminster 011,West End,4,2480.25,609055.0125000001,70.855,27.66,220.1325,0.5795198113748322,0.04180120410670758,0.43318870851028035,309527865.0,
2019,E02000971,Westminster 012,West End,4,750.75,115842.855,45.46,18.940625,136.2575,0.6852998752772548,0.024478599080190046,0.34172843237550277,37380195.0,
2019,E02000972,Westminster 013,West End,4,7966.5,1478450.79,62.918749999999996,23.681875,175.891875,0.6169729461814468,0.025694135034793005,0.34083125000900993,732078326.25,0.6
2019,E02000973,Westminster 014,West End,4,51.75,6517.650000000001,108.22375,70.62625,164.876875,0.4714596527431865,0.0,0.0,1875437.5,
2019,E02000974,Westminster 015,West End,4,237.5,107762.79749999999,68.825,24.768124999999998,242.921875,0.5725306730705746,0.08288565554537133,0.7164327619631297,41976913.75,
2019,E02000975,Westminster 016,West End,4,988.75,206438.91249999998,15.33,8.076875,61.7175,0.8066088472832492,0.053453673116181016,0.6506184247876894,66151925.0,
2019,E02000976,Westminster 017,West End,4,128.0,15316.0775,37.5,13.938125,151.48125,0.7020518163141429,0.016668417612177244,0.23567649356655385,4702831.25,
2019,E02000977,Westminster 018,West End,4,6524.0,1535791.9549999998,67.60125,22.309375000000003,214.225,0.5808467551371893,0.042063197859670824,0.43636973264230866,836867257.5,0.2916666666666667
2019,E02000978,Westminster 019,West End,4,876.0,242785.0375,93.125,26.393749999999997,319.776875,0.5169022179189515,0.0565956297772778,0.40145556155380074,107418577.5,
2019,E02000979,Westminster 020,West End,4,2167.25,996284.4675,65.41624999999999,20.69,260.494375,0.5724906667603518,0.08181219702850709,0.7221836083175265,372408800.0,
2019,E02000980,Westminster 021,West End,4,108.25,85294.0375,301.85375,116.22625,625.0,0.2187551889312426,0.11201835760077226,0.6696681761390243,51017300.0,
2019,E02000981,Westminster 022,West End,4,310.5,56799.0925,39.95,22.9675,141.95125000000002,0.6774931423902355,0.025138867786113447,0.3493806920375076,16670217.5,
2019,E02000982,Westminster 023,West End,4,631.75,240257.76499999998,47.57,19.030625,159.365,0.6624032526428958,0.051251237851569764,0.6862442320295684,83629407.5,
2019,E02000983,Westminster 024,West End,4,34.5,19744.129999999997,134.16750000000002,54.21,466.28499999999997,0.3492943548387097,0.1905241935483871,0.7780984049141456,7526062.5,
2019,E02006801,Lambeth 036,Southbank,4,414.25,191709.4975,110.2775,42.844375,303.14125,0.47758693612188674,0.09662461565047074,0.7124227107134087,51076718.75,0.05667584671515126
2019,E02006802,Southwark 034,Southbank,4,399.0,132173.4925,72.25999999999999,30.46875,211.465625,0.5657424622604296,0.03794286912910216,0.5962929726201734,47542775.0,0.07672874263542528
2019,E02006853,Tower Hamlets 032,Canary Wharf,4,356.5,59695.7,30.065,15.8,65.88625,0.8113937481010822,0.03366333104432418,0.5504257408841247,10821200.0,0.15435770675868996
2019,E02006854,Tower Hamlets 033,Canary Wharf,4,953.5,2002364.9575,145.32875,24.2875,1394.028125,0.46344350329762896,0.28559238151506217,0.9444981899760934,355005318.75,0.18554670540109516
2019,E02006941,Southwark 035,Southbank,4,516.75,354037.6925,157.86124999999998,39.96625,370.24875,0.3945652741202248,0.1323302152870633,0.7627296101320838,102951750.0,0.11193247304475079
2019,E02006942,Southwark 036,Southbank,4,480.25,69229.8125,94.215,52.29875,176.573125,0.5143712365163614,0.0036305459430841956,0.053702104549748386,19772282.5,0.028929757460372584
2019,E02007083,Wandsworth 038,Southbank,4,336.0,28605.5875,27.03,19.252499999999998,63.845,0.8492667916013763,0.009699714119795588,0.21580727471439962,16389607.5,0.09992526103949134
2019,E02007084,Wandsworth 039,Southbank,4,49.25,8959.8625,92.55375000000001,53.2125,226.19,0.5177593537414966,0.0,0.0,1587137.5,0.30409356725146197
2019,E02007110,Hackney 032,Tech Belt & Midtown,4,483.75,61927.170000000006,36.925000000000004,13.30125,158.111875,0.6572743403806546,0.01816787764285694,0.2020971362869562,14595100.0,0.0
2019,E02007111,Hackney 033,Tech Belt & Midtown,4,2205.5,471438.2925,71.1275,27.763125000000002,167.15437500000002,0.6127870757719172,0.03652607378474707,0.47658375849200946,117267693.5,0.3666666666666667
2019,E02007112,Tower Hamlets 034,Canary Wharf,4,195.75,41845.145000000004,54.9025,24.17875,233.56375,0.5951399790685505,0.045977237048665624,0.3904919253977575,7038055.0,0.07948552677838978
2019,E02007113,Tower Hamlets 035,Canary Wharf,4,320.0,206050.3075,137.79500000000002,32.33625,533.86,0.41261177745449845,0.157785766865385,0.752686942115151,26356100.0,0.32020547352881384
2019,E02007114,Tower Hamlets 036,Canary Wharf,4,344.5,138342.54,104.29124999999999,36.176249999999996,385.65125,0.49451673455749656,0.07512632498727209,0.5201116781973978,25710487.5,0.13962081144416394
2019,E02007115,Camden 029,Tech Belt & Midtown,4,622.5,128889.5575,52.66,18.056250000000002,172.9525,0.6257316155590543,0.029990127387886523,0.41175185234506084,49548784.5,0.12222598645255614
2023,E02000001,City of London 001,City,4,13425.25,5784266.75,42.9975,16.799374999999998,237.471875,0.6393256729284573,0.0814299915048542,0.7120578640173096,1918847171.25,0.15771767964501382
2023,E02000174,Camden 009,Tech Belt & Midtown,4,42.25,6469.9974999999995,72.6,25.589374999999997,197.715625,0.5668720190779014,0.0,0.0,1753462.5,0.3754799836601307
2023,E02000177,Camden 012,Tech Belt & Midtown,4,37.5,3818.3675000000003,107.92,68.68625,143.38125,0.43678160919540227,0.0,0.0,1245187.5,0.3856548856548857
2023,E02000180,Camden 015,Tech Belt & Midtown,4,55.5,6362.0925,65.745,26.02,192.85,0.5975670307845085,0.0,0.0,1621162.5,0.19645812644819594
2023,E02000183,Camden 018,Tech Belt & Midtown,4,264.75,57361.795,54.4325,23.0,184.45,0.6245232201762749,0.0547872673029366,0.43765040956921497,20157717.5,0.18383193451367835
2023,E02000184,Camden 019,Tech Belt & Midtown,4,284.25,58788.4225,63.35,21.38875,190.1,0.6066893150214407,0.03645123895087669,0.3957553185829707,19784931.25,0.19202486957374643
2023,E02000186,Camden 021,Tech Belt & Midtown,4,554.0,310624.9325,67.41125,17.154375,277.2425,0.5848936863786701,0.0893949401038025,0.7526457707518988,93294686.25,0.2691297073810099
2023,E02000187,Camden 022,Tech Belt & Midtown,4,388.25,297139.20749999996,37.37,17.725,205.446875,0.690335976570749,0.0963099686823759,0.8598445930694245,161351918.75,0.2133476198288355
2023,E02000188,Camden 023,Tech Belt & Midtown,4,141.75,56845.875,145.52749999999997,42.79625,476.010625,0.3963491010904804,0.0799255820807545,0.5001041704663277,18317990.0,0.35955539091882105
2023,E02000191,Camden 026,West End,4,959.0,194797.9525,52.167500000000004,22.6625,163.84875,0.6557072487022115,0.03423941964511925,0.41307299031145456,84187652.5,0.20666468339083435
2023,E02000192,Camden 027,Tech Belt & Midtown,4,2096.75,373020.3875,42.31875,17.18625,141.055,0.694220410727859,0.03657555609241504,0.4540914858227465,136054000.0,0.2476221755819711
2023,E02000193,Camden 028,Tech Belt & Midtown,4,3013.0,683319.4625,43.81375,16.588125,182.31875,0.6601264557436157,0.048149886513711895,0.5138241250910971,282405271.25,0.278332644752531
2023,E02000369,Hackney 025,Tech Belt & Midtown,4,171.25,22655.265,97.27625,54.5575,163.71437500000002,0.5179870358345177,0.007193977001423391,0.06179499848328639,6485538.75,
2023,E02000370,Hackney 026,Tech Belt & Midtown,4,263.75,81013.97,143.8325,72.699375,250.548125,0.366582343413007,0.02858686874924326,0.42136565290801675,22619368.75,0.0
2023,E02000566,Islington 013,Tech Belt & Midtown,4,19.75,6807.11,143.81125,83.799375,327.149375,0.3050239234449761,0.15251196172248804,0.5634378706981027,1379262.5,0.2134502923976608
2023,E02000569,Islington 016,Tech Belt & Midtown,4,39.0,11221.3325,62.224999999999994,35.61875,93.28999999999999,0.756578947368421,0.05156831472620946,0.7258875801023473,2487293.75,0.05302519118308592
2023,E02000570,Islington 017,Tech Belt & Midtown,4,36.0,6154.825,97.04375000000002,74.64,179.90625,0.5339635854341737,0.0,0.0,1567487.5,0.09996025437201908
2023,E02000571,Islington 018,Tech Belt & Midtown,4,133.0,11116.9125,61.78625,27.091250000000002,125.34625,0.6440894678797904,0.0,0.0,2187725.0,0.27617639812761763
2023,E02000572,Islington 019,Tech Belt & Midtown,4,49.25,21516.0175,170.64,87.0675,365.766875,0.2804807947900053,0.12838084795321636,0.5795205491667152,5748412.5,0.20657894736842103
2023,E02000573,Islington 020,Tech Belt & Midtown,4,520.25,94509.825,59.05625,24.885624999999997,168.021875,0.6265699972764256,0.02138773283598159,0.30310957474721806,21619876.25,0.37716036115828966
2023,E02000574,Islington 021,Tech Belt & Midtown,4,414.5,146995.8275,60.47,13.75,219.779375,0.5858636749060251,0.05569131597083522,0.6330359797375449,45489256.25,0.25339369581149396
2023,E02000575,Islington 022,Tech Belt & Midtown,4,2547.5,614801.7000000001,94.60875,31.275,210.446875,0.5156783733042919,0.042509106012630915,0.422232943000128,198583365.0,0.13339115055742923
2023,E02000576,Islington 023,Tech Belt & Midtown,4,1288.5,504414.06999999995,121.84375,26.049374999999998,342.315,0.4650474261045896,0.07587406807524702,0.5587446998532419,159304517.5,0.20148595145836595
2023,E02000588,Kensington and Chelsea 012,West End,4,472.25,61740.517499999994,68.4175,26.41875,183.95625,0.6211788748390392,0.015064671527130345,0.14884710512722266,33575325.0,0.184398010498242
2023,E02000590,Kensington and Chelsea 014,West End,4,181.75,18989.1875,42.92125,22.356875000000002,74.43625,0.7914132041518044,0.01909886243131206,0.32171973487277183,7863237.5,0.31353584245676636
2023,E02000594,Kensington and Chelsea 018,West End,4,89.75,15950.9275,79.525,36.5375,181.82875,0.5614488999483288,0.01617511082102744,0.12350795076486996,8148306.25,0.29137726070579434
2023,E02000595,Kensington and Chelsea 019,West End,4,30.25,5682.8975,188.69,131.155625,235.38875000000002,0.10285547785547786,0.0,0.0,2079062.5,0.18223443223443225
2023,E02000619,Lambeth 002,Southbank,4,168.5,31089.894999999997,28.4975,15.76375,52.338750000000005,0.9409831301457379,0.006012767674438712,0.7902181930279162,5640603.75,0.11415108931872144
2023,E02000620,Lambeth 003,Southbank,4,219.25,52225.0725,52.95,27.125,176.9425,0.6566007579518027,0.02161714417503694,0.4222731655636045,24854300.0,0.15016496961317335
2023,E02000621,Lambeth 004,Southbank,4,41.75,14918.699999999999,130.1425,109.0875,238.29875,0.19973026651278886,0.04349955715397622,0.507037262432771,3911975.0,0.2612230362230362
2023,E02000808,Southwark 002,Southbank,4,2404.5,669307.33,57.33,18.5875,197.905625,0.6172341453206606,0.04800656774766885,0.5430126141808886,199595182.5,0.08252744911127033
2023,E02000810,Southwark 004,Southbank,4,15.5,2882.5099999999998,113.1425,58.213750000000005,154.871875,0.4089285714285714,0.025,0.10577347698727826,474862.5,0.0
2023,E02000812,Southwark 006,Southbank,4,389.5,145458.7475,47.14,18.381875,187.600625,0.6604265132975102,0.07839458567055645,0.6801187214477458,63008181.25,0.1325557798686725
2023,E02000815,Southwark 009,Southbank,4,133.25,25495.495000000003,32.3625,13.585625,121.48249999999999,0.6978970646999927,0.024556744647994566,0.5342992808809114,6386712.5,0.1521523589192762
2023,E02000868,Tower Hamlets 005,Tech Belt & Midtown,4,38.75,4273.49,74.58375000000001,48.19875,108.00187500000001,0.6702503209242618,0.0,0.0,693925.0,0.18181818181818182
2023,E02000869,Tower Hamlets 006,Tech Belt & Midtown,4,79.75,5890.2475,49.76375,28.95,88.098125,0.7743501998900646,0.0,0.0,917425.0,0.05885942760942761
2023,E02000872,Tower Hamlets 009,Tech Belt & Midtown,4,117.25,9480.557499999999,41.225,23.70125,74.676875,0.8338659375529879,0.0017985611510791368,0.022822492106605745,1838667.5,0.14699879662786894
2023,E02000873,Tower Hamlets 010,Tech Belt & Midtown,4,35.75,2393.0150000000003,18.43,11.08,27.415,0.8912776412776413,0.029484029484029485,0.4574501190081114,5526037.5,0.07647058823529412
2023,E02000874,Tower Hamlets 011,Tech Belt & Midtown,4,153.0,6346.2525000000005,30.82875,19.970625,45.98625,0.9645679012345679,0.0,0.0,1611250.0,0.21301075268817204
2023,E02000876,Tower Hamlets 013,Tech Belt & Midtown,4,176.0,14165.38,23.0,13.50125,43.265625,0.8991772836793874,0.007012756995225439,0.3910499432021926,3141315.0,0.29938751450514234
2023,E02000878,Tower Hamlets 015,Tech Belt & Midtown,4,1412.25,273364.075,31.375,16.100625,67.303125,0.822046998873114,0.028919726420511736,0.6321020234653326,71483281.25,0.22488876868739976
2023,E02000879,Tower Hamlets 016,Tech Belt & Midtown,4,45.5,3447.9325,30.24875,17.951875,60.080625,0.7972069597069598,0.0,0.0,817825.0,0.08311677061677061
2023,E02000880,Tower Hamlets 017,Tech Belt & Midtown,4,163.0,12403.0075,20.345,11.468125,62.120625000000004,0.8117638782450426,0.001201923076923077,0.04531191146744799,2426000.0,0.4109052677961049
2023,E02000881,Tower Hamlets 018,Canary Wharf,4,93.75,6823.155000000001,24.0,16.425625,44.875,0.8656895592292888,0.010907973753159127,0.22708100152828878,879968.75,0.25100888398559984
2023,E02000883,Tower Hamlets 020,Canary Wharf,4,54.0,3980.9075000000003,26.11625,13.2925,53.935,0.879225768321513,0.0,0.0,542842.5,0.6733518014621513
2023,E02000884,Tower Hamlets 021,Tech Belt & Midtown,4,1160.25,278017.405,33.34625,10.868125000000001,145.320625,0.7053550207875969,0.040857618420424784,0.5489455865846536,65698491.25,0.25519197974541324
2023,E02000885,Tower Hamlets 022,Tech Belt & Midtown,4,27.0,3760.6225,85.80250000000001,30.5,239.91125,0.5660264105642256,0.0,0.0,653683.75,0.3781658496732026
2023,E02000886,Tower Hamlets 023,Canary Wharf,4,85.5,7255.289999999999,23.8,16.055,61.17124999999999,0.8321050642479214,0.0,0.0,1304481.25,0.244279176201373
2023,E02000887,Tower Hamlets 024,Canary Wharf,4,34.0,7261.175000000001,65.76,11.8925,217.41625,0.5700992555831266,0.0370140612076096,0.3876544574199364,2227897.5,0.28034482758620693
2023,E02000888,Tower Hamlets 025,Tech Belt & Midtown,4,101.25,4922.145,20.70875,13.25625,40.37625,0.8783953794247155,0.0,0.0,842517.5,0.5319586167800454
2023,E02000889,Tower Hamlets 026,Tech Belt & Midtown,4,188.75,50703.395,55.145,23.54,212.62,0.6133646968262678,0.07272655375407243,0.5073444678598874,10180712.5,0.40722784140085533
2023,E02000890,Tower Hamlets 027,Tech Belt & Midtown,4,350.25,108893.4175,50.35625,11.850625,244.644375,0.6284217867175209,0.11349160201126465,0.6635318143357332,31444357.5,0.3521267056610941
2023,E02000894,Tower Hamlets 031,Canary Wharf,4,33.25,254729.2675,775.5875,138.525,2422.2962500000003,0.3333333333333333,0.47756410256410253,0.9867492770331346,23251610.0,0.27467824967824966
2023,E02000967,Westminster 008,West End,4,448.5,87810.91500000001,45.12875,19.083750000000002,106.435625,0.7299661007137916,0.01698126304854631,0.5994513185828023,35788276.25,
2023,E02000968,Westminster 009,West End,4,57.0,8719.1875,85.2425,41.51125,151.25125,0.5355677655677655,0.018775946275946274,0.2244615609130578,4609775.0,
2023,E02000969,Westminster 010,West End,4,138.5,16603.0825,33.675,24.8,74.98875000000001,0.8009215062556514,0.02339862170330957,0.3284221414375199,5447612.5,
2023,E02000970,Westminster 011,West End,4,2568.75,553150.93,53.32,20.9,167.14625,0.6523114456555522,0.032086883165099375,0.4220564237598698,277831412.25,
2023,E02000971,Westminster 012,West End,4,799.5,101494.875,31.04,13.249375,97.1575,0.7534278501710661,0.021536552104561544,0.34196784670105007,43605506.25,
2023,E02000972,Westminster 013,West End,4,7531.5,1349968.0274999999,55.54375,20.561875,157.395625,0.6428931712259365,0.024694498883675548,0.3603587197235356,752592068.75,0.20833333333333334
2023,E02000973,Westminster 014,West End,4,53.0,5774.5525,86.625,41.8625,140.215,0.5593530444964872,0.0,0.0,1831331.25,
2023,E02000974,Westminster 015,West End,4,691.75,126812.83249999999,14.688749999999999,6.7575,67.55,0.7923879502749344,0.034425150022096535,0.6207052601716564,60354202.5,
2023,E02000975,Westminster 016,West End,4,940.0,164472.6,14.715,7.541875,52.128125,0.8443478496517507,0.039640523855479365,0.6300875321325202,59715656.25,
2023,E02000976,Westminster 017,West End,4,135.0,16532.0725,36.4,16.52375,135.45,0.7125347445927289,0.018354348826507133,0.1834826830307396,4947131.25,
2023,E02000977,Westminster 018,West End,4,5889.5,1324832.585,61.855,20.419375,204.4825,0.5932315474896712,0.038804831431293624,0.4208659084666859,767161382.5,0.5227272727272727
2023,E02000978,Westminster 019,West End,4,797.75,198307.56,63.0575,19.239375000000003,261.29875,0.5892009672723242,0.04632502668296628,0.401664074535505,105265915.0,
2023,E02000979,Westminster 020,West End,4,1700.0,831057.6725,79.2375,24.5475,273.38125,0.5489736113859538,0.08202638753980815,0.7262425687796549,382771218.75,
2023,E02000980,Westminster 021,West End,4,125.0,82822.72750000001,243.1375,68.81125,487.078125,0.34273169589901825,0.07805522470122533,0.6542598602571825,54814887.5,
2023,E02000981,Westminster 022,West End,4,263.75,33677.41,35.4675,20.325,95.575,0.7462527293571315,0.01636377767917807,0.2427792970083131,12099795.0,
2023,E02000982,Westminster 023,West End,4,814.25,189458.26,28.22,14.185,95.78375,0.7593461094819965,0.03001220121600786,0.5709729046127207,78423222.5,
2023,E02000983,Westminster 024,West End,4,31.75,18796.3425,137.7375,49.167500000000004,474.458125,0.36536511156186613,0.17342799188640975,0.7666640916216905,7805887.5,
2023,E02006801,Lambeth 036,Southbank,4,392.75,241362.94499999998,140.60000000000002,46.45625,393.28125,0.4344935578836826,0.1009055071693854,0.7222965326714053,70330262.5,0.10225241230929472
2023,E02006802,Southwark 034,Southbank,4,467.0,114189.21,47.465,22.1425,133.795625,0.6728914738675806,0.022085536946098876,0.5342459182305025,43433343.75,0.22649189148144264
2023,E02006853,Tower Hamlets 032,Canary Wharf,4,394.75,56548.385,28.68625,16.12125,54.988749999999996,0.8493248929288735,0.02448602532533913,0.5396666635944533,10531546.25,0.1961300868284665
2023,E02006854,Tower Hamlets 033,Canary Wharf,4,1555.75,1822305.38,23.5225,9.684999999999999,233.19187499999998,0.7028493434831952,0.12072293860594366,0.922003026816039,326994515.0,0.2351518946701331
2023,E02006941,Southwark 035,Southbank,4,474.25,323402.2475,140.78500000000003,32.855625,337.750625,0.4294533178663269,0.11552233701856733,0.7685503505642548,107101562.5,0.10537600095816596
2023,E02006942,Southwark 036,Southbank,4,495.0,69399.49,94.3425,51.87625,177.36625,0.5146084988857045,0.004051020281976744,0.060720704235215264,22176298.75,0.04634020470358231
2023,E02007083,Wandsworth 038,Southbank,4,283.25,35075.6175,28.425,19.460625,66.14,0.8436520283766631,0.019002182791217265,0.4624102778848824,23478372.5,0.15323010223411013
2023,E02007084,Wandsworth 039,Southbank,4,37.5,5678.9825,81.0925,51.56125,162.92249999999999,0.6221501572327044,0.0,0.0,1135587.5,0.329897114379873
2023,E02007110,Hackney 032,Tech Belt & Midtown,4,433.25,61726.7625,51.675,16.931875,167.09125,0.6267996156147699,0.023887567485889525,0.23889198597866856,18253921.25,0.3333333333333333
2023,E02007111,Hackney 033,Tech Belt & Midtown,4,2169.75,414173.91500000004,64.54375,25.934375,150.070625,0.6431557380233278,0.02535419060797198,0.44214284318766073,132060360.0,0.375
2023,E02007112,Tower Hamlets 034,Canary Wharf,4,213.25,54375.9825,45.5875,23.034374999999997,226.351875,0.610837689565785,0.05976096693067229,0.5406119202151572,10346222.5,0.14741475534277118
2023,E02007113,Tower Hamlets 035,Canary Wharf,4,250.75,170659.565,226.14375,104.33125,681.55625,0.23866731976478534,0.17425189450377185,0.7125316939269508,27039762.5,0.3734595541189773
2023,E02007114,Tower Hamlets 036,Canary Wharf,4,331.25,132849.01,85.985,35.000625,356.3375,0.5371628383695242,0.08187067405872708,0.5800234790038058,24023781.25,0.19897533863031644
2023,E02007115,Camden 029,Tech Belt & Midtown,4,704.5,140200.95,33.75,13.5825,140.2875,0.6942512088608415,0.025574729209137247,0.43589604789517494,48544923.0,0.2154534919738051
2024,E02000001,City of London 001,City,4,12721.5,5612519.012499999,44.633750000000006,17.2175,248.43124999999998,0.6327617188721733,0.08403623001333561,0.7252502505998961,1991875367.5,0.14700646817524243
2024,E02000174,Camden 009,Tech Belt & Midtown,4,40.75,5629.039999999999,64.745,22.36875,174.745,0.5825354706933654,0.0,0.0,1831095.0,0.3381652661064426
2024,E02000177,Camden 012,Tech Belt & Midtown,4,36.25,3340.95,107.92,68.54375,137.64875,0.452991452991453,0.0,0.0,1182050.0,0.4070945945945946
2024,E02000180,Camden 015,Tech Belt & Midtown,4,49.75,5688.6925,81.215,30.7325,194.18,0.5554888507718696,0.0,0.0,1382485.0,0.31831999237659614
2024,E02000183,Camden 018,Tech Belt & Midtown,4,258.0,56612.0275,53.835,23.0,182.99,0.6162836990590135,0.05329121085613711,0.4358198454070623,19793800.0,0.17464423316487349
2024,E02000184,Camden 019,Tech Belt & Midtown,4,275.25,54324.344999999994,62.94375,20.8075,189.125,0.6096127076398506,0.03237366972811429,0.3731651769375071,17858462.5,0.22247567719262634
2024,E02000186,Camden 021,Tech Belt & Midtown,4,511.0,253515.5,65.775,16.0,229.25625,0.587075998651788,0.08904614149878252,0.7692168397727637,97556607.5,0.24258409850443863
2024,E02000187,Camden 022,Tech Belt & Midtown,4,371.0,274206.42,35.85,17.546875,205.193125,0.69809505522508,0.0867528607218908,0.8513310279838975,163295050.0,0.2867094215089555
2024,E02000188,Camden 023,Tech Belt & Midtown,4,123.75,46757.88,156.97125,40.7725,485.1275,0.389644069718814,0.07500079741425139,0.4563043861653887,19286525.0,0.21494356802733453
2024,E02000191,Camden 026,West End,4,970.0,209448.73,49.955,21.28125,155.4125,0.6604167832688244,0.03929682191459366,0.47372818047113063,111494185.0,0.23641747033336352
2024,E02000192,Camden 027,Tech Belt & Midtown,4,2039.0,340734.34750000003,42.54,17.380000000000003,140.18,0.6923131671089905,0.0344983433752589,0.4307642518650274,131962525.0,0.24361757901176917
2024,E02000193,Camden 028,Tech Belt & Midtown,4,2916.0,644581.2675000001,41.5125,16.209375,176.49875,0.6664658705389717,0.04742368617224415,0.518666064594248,289053215.0,0.25762428599561027
2024,E02000369,Hackney 025,Tech Belt & Midtown,4,168.5,21844.857500000002,95.9375,54.15875,162.67625,0.5222513552776105,0.005934875810509159,0.052701203281242975,6962975.0,
2024,E02000370,Hackney 026,Tech Belt & Midtown,4,265.25,80761.55249999999,144.14625,73.4275,251.621875,0.363045108519851,0.03097897556816862,0.42946150697917146,22742512.5,0.25
2024,E02000566,Islington 013,Tech Belt & Midtown,4,19.0,6772.805,143.66375,82.52,295.084375,0.3162280701754386,0.18450292397660817,0.6444673751425511,1439425.0,0.1969298245614035
2024,E02000569,Islington 016,Tech Belt & Midtown,4,37.75,11075.61,59.705,35.894999999999996,89.48124999999999,0.7615576102418208,0.05298719772403983,0.7349030888592141,2380750.0,0.06632290184921763
2024,E02000570,Islington 017,Tech Belt & Midtown,4,34.0,5814.4,97.17500000000001,74.86,184.6625,0.5294117647058824,0.0,0.0,1573450.0,0.10294117647058823
2024,E02000571,Islington 018,Tech Belt & Midtown,4,127.5,9590.055,58.095,25.77625,122.1675,0.6560434436272357,0.0,0.0,2172512.5,0.2623441662815404
2024,E02000572,Islington 019,Tech Belt & Midtown,4,48.0,19220.0,162.37,94.3,292.9,0.2708333333333333,0.10416666666666667,0.5408397502601456,5732050.0,0.16666666666666666
2024,E02000573,Islington 020,Tech Belt & Midtown,4,489.5,85485.525,62.85,25.0375,174.87125,0.60795549187119,0.022094865059890344,0.266543704802982,21238957.5,0.3454967677424653
2024,E02000574,Islington 021,Tech Belt & Midtown,4,409.75,129042.4025,55.6375,14.0,215.10500000000002,0.5938144981881479,0.05160582529256112,0.6122830122487036,41579950.0,0.2365375621464762
2024,E02000575,Islington 022,Tech Belt & Midtown,4,2480.25,583349.5249999999,94.24,30.87875,210.61125,0.5150881069556165,0.043054484016264286,0.4168178272780484,198947118.75,0.12838866854614897
2024,E02000576,Islington 023,Tech Belt & Midtown,4,1245.25,469631.13,112.23125,24.7825,332.676875,0.4815461058880217,0.0738123914666449,0.5641125320775598,158368282.5,0.18254138210610377
2024,E02000588,Kensington and Chelsea 012,West End,4,487.25,59157.494999999995,64.42750000000001,22.071875,162.613125,0.6460364374051804,0.016656709722912572,0.19122937683238114,37779125.0,0.19712655079335273
2024,E02000590,Kensington and Chelsea 014,West End,4,166.75,15573.035,40.785,21.767500000000002,62.858125,0.8102872612393206,0.01807392895551943,0.328984345844663,7920087.5,0.3149100899100899
2024,E02000594,Kensington and Chelsea 018,West End,4,82.75,14880.397500000001,82.1275,37.924375000000005,177.19,0.5580204976337717,0.01827804069202902,0.13824396054905141,8296700.0,0.0841992141175814
2024,E02000595,Kensington and Chelsea 019,West End,4,27.0,5151.23,191.07999999999998,131.4425,237.5275,0.08333333333333333,0.0,0.0,2046000.0,0.13839285714285715
2024,E02000619,Lambeth 002,Southbank,4,158.5,30658.695,28.52,15.9875,51.64375,0.9432171005493193,0.0063092110500756315,0.8008569929430168,5658200.0,0.0735379053649354
2024,E02000620,Lambeth 003,Southbank,4,211.75,49075.7475,49.335,26.34125,161.253125,0.6733791402396054,0.019003993422598075,0.4198959219183922,24426850.0,0.1825966431229589
2024,E02000621,Lambeth 004,Southbank,4,39.75,11860.46,113.83375,109.08,206.769375,0.20391363022941972,0.025489203778677465,0.4624734166701788,4357712.5,0.2883725071225071
2024,E02000808,Southwark 002,Southbank,4,2349.25,653766.1599999999,57.01625,19.3125,195.17875,0.6151281521377711,0.048949178197171345,0.551153305712482,205069040.0,0.07763310498725748
2024,E02000810,Southwark 004,Southbank,4,14.75,2209.075,113.87875,65.0775,133.234375,0.3892857142857143,0.0,0.0,519175.0,0.0
2024,E02000812,Southwark 006,Southbank,4,381.0,149109.64,49.480000000000004,18.701875,215.501875,0.6413652774621227,0.08996064500925102,0.6780800489430363,64738575.0,0.11859866945153555
2024,E02000815,Southwark 009,Southbank,4,138.0,23057.7625,23.275,11.293750000000001,106.9025,0.7317300798100544,0.027387836900689962,0.5694217003200635,6279685.0,0.09540816326530613
2024,E02000868,Tower Hamlets 005,Tech Belt & Midtown,4,36.75,4200.4400000000005,73.3375,42.9375,110.69062500000001,0.6734234234234234,0.0,0.0,681662.5,0.2127016129032258
2024,E02000869,Tower Hamlets 006,Tech Belt & Midtown,4,74.0,5602.45,53.2325,29.4,91.2725,0.7668036529680365,0.0,0.0,980725.0,0.022564935064935066
2024,E02000872,Tower Hamlets 009,Tech Belt & Midtown,4,117.0,9448.6025,40.72625,23.935000000000002,77.41624999999999,0.8290943467713603,0.0,0.0,1839937.5,0.11582272445965183
2024,E02000873,Tower Hamlets 010,Tech Belt & Midtown,4,34.0,2190.23,18.41,10.92,22.5,0.9090909090909091,0.030303030303030304,0.4905968779534569,5857120.0,0.0661764705882353
2024,E02000874,Tower Hamlets 011,Tech Belt & Midtown,4,149.5,5808.5,30.3675,19.89125,44.9375,0.9765995525727069,0.0,0.0,1505500.0,0.17715883668903804
2024,E02000876,Tower Hamlets 013,Tech Belt & Midtown,4,156.0,13039.78,23.25,13.465,43.8575,0.8974358974358975,0.00641025641025641,0.3945542307027645,3335329.0,0.24500158679784195
2024,E02000878,Tower Hamlets 015,Tech Belt & Midtown,4,1379.75,251308.9925,31.1325,15.366875,66.94749999999999,0.818361645960251,0.029903284889558422,0.6233612549457757,75216193.75,0.22617971940913467
2024,E02000879,Tower Hamlets 016,Tech Belt & Midtown,4,46.0,4512.589999999999,32.09,21.4,102.21,0.7111111111111111,0.0,0.0,991400.0,0.12846068660022147
2024,E02000880,Tower Hamlets 017,Tech Belt & Midtown,4,150.5,11931.3925,20.6625,11.45625,76.875,0.7864497150211436,0.0,0.0,2371325.0,0.527420878601795
2024,E02000881,Tower Hamlets 018,Canary Wharf,4,88.0,6983.75,24.0,15.8775,49.875,0.8409633921547909,0.01136437016425393,0.21989954141163665,900087.5,0.2621030644710731
2024,E02000883,Tower Hamlets 020,Canary Wharf,4,49.0,4047.04,25.7,11.7075,53.95,0.874945722970039,0.0,0.0,544270.0,0.7503256621797656
2024,E02000884,Tower Hamlets 021,Tech Belt & Midtown,4,1133.0,265241.635,32.489999999999995,10.570625,139.279375,0.7108990735504666,0.04033054175459603,0.5649961100050912,67482593.75,0.24750487353175166
2024,E02000885,Tower Hamlets 022,Tech Belt & Midtown,4,19.0,3453.13,112.205,35.75,277.9525,0.5,0.0,0.0,657300.0,0.3472222222222222
2024,E02000886,Tower Hamlets 023,Canary Wharf,4,82.5,7234.185,24.25,16.893749999999997,67.725,0.818175139582721,0.0,0.0,1325275.0,0.29626436781609194
2024,E02000887,Tower Hamlets 024,Canary Wharf,4,33.0,6392.764999999999,59.1325,11.475,203.75,0.59375,0.03125,0.3737975681984804,2315035.0,0.28846153846153844
2024,E02000888,Tower Hamlets 025,Tech Belt & Midtown,4,92.25,3842.5,17.7,12.47875,31.475,0.8931491214099909,0.0,0.0,846518.75,0.5049077323236988
2024,E02000889,Tower Hamlets 026,Tech Belt & Midtown,4,176.0,49389.697499999995,62.055,23.67,240.14000000000001,0.5921515961979503,0.07445498567071027,0.49824934347433925,11392642.5,0.414930306672695
2024,E02000890,Tower Hamlets 027,Tech Belt & Midtown,4,327.5,99080.41499999998,44.245,10.5,246.13375,0.6352107530861582,0.11442751069559354,0.6620398104956502,31476910.0,0.39437767753536346
2024,E02000894,Tower Hamlets 031,Canary Wharf,4,22.25,308690.1,1132.3375,457.09875,4856.69375,0.16916666666666666,0.60625,0.9901619607969607,24272172.5,0.14945697577276523
2024,E02000967,Westminster 008,West End,4,401.75,76934.255,43.2975,19.1,103.12812500000001,0.7401376388398301,0.010397154658900917,0.5905689350033336,35871837.5,
2024,E02000968,Westminster 009,West End,4,52.25,8592.17,85.44375000000001,41.136250000000004,153.93,0.5364992150706436,0.019525117739403453,0.2268055219203821,4654900.0,
2024,E02000969,Westminster 010,West End,4,129.5,14599.425000000001,32.575,24.8,70.475,0.8185450208706022,0.023166368515205725,0.350048718079765,5596000.0,
2024,E02000970,Westminster 011,West End,4,2462.5,512011.73000000004,53.334999999999994,20.821875,165.465,0.6525721500659546,0.032411327916132784,0.41675333024118516,283873375.5,
2024,E02000971,Westminster 012,West End,4,754.75,93009.02249999999,30.517500000000002,13.00375,100.325625,0.7497809098484745,0.021169788389304785,0.3244213914846699,45270677.5,
2024,E02000972,Westminster 013,West End,4,7333.5,1273205.105,53.92375,19.75875,153.1625,0.6479941867952115,0.02430187303470174,0.3576086604299741,762839572.5,0.0
2024,E02000973,Westminster 014,West End,4,51.75,5945.2474999999995,89.01500000000001,42.769999999999996,161.57500000000002,0.546764705882353,0.0,0.0,1940950.0,
2024,E02000974,Westminster 015,West End,4,687.5,138519.6825,14.2025,6.6,67.935625,0.7934733227112221,0.03337836964947033,0.6608623247328851,73516992.5,
2024,E02000975,Westminster 016,West End,4,933.5,153446.57,14.6,7.5424999999999995,51.4925,0.8468741297236972,0.039506530305217114,0.6215422774763752,59843500.0,
2024,E02000976,Westminster 017,West End,4,125.75,15103.227499999997,37.1,17.26625,144.88,0.6997452300169795,0.01590731036669197,0.1510674408824478,4442037.5,
2024,E02000977,Westminster 018,West End,4,5649.75,1274643.9725000001,60.989999999999995,19.7275,205.72,0.5914123481575193,0.0402160123520782,0.4275124815807342,768514837.5,0.5454545454545454
2024,E02000978,Westminster 019,West End,4,712.75,167287.6575,57.87,19.252499999999998,244.54062499999998,0.6049102926124879,0.04372924590292491,0.39526004849061336,103513450.0,
2024,E02000979,Westminster 020,West End,4,1501.0,753115.175,86.67375,26.2,286.90875,0.5351925988912638,0.08574497783462887,0.7244118356694859,402478062.5,
2024,E02000980,Westminster 021,West End,4,126.5,82349.77000000002,218.13,67.195,464.9125,0.36089681774349086,0.0747003719520595,0.6553060076755267,50020612.5,
2024,E02000981,Westminster 022,West End,4,242.25,24161.5775,33.09375,19.35625,73.77125000000001,0.7741798068482636,0.012436570021917163,0.19956657133631478,11071075.0,
2024,E02000982,Westminster 023,West End,4,787.75,166981.1325,27.765,14.14,89.38499999999999,0.7669089212121394,0.028243772343335652,0.564797205906395,85194692.5,
2024,E02000983,Westminster 024,West End,4,29.0,15987.519999999999,140.4475,51.5325,380.10125000000005,0.39111111111111113,0.15185185185185185,0.727431634447907,4937475.0,
2024,E02006801,Lambeth 036,Southbank,4,352.0,185707.0275,140.22625,46.0025,382.17875000000004,0.43819375718091375,0.09593550217880731,0.693636711847391,71764422.5,0.04657871076505719
2024,E02006802,Southwark 034,Southbank,4,466.0,111859.33750000001,45.6,21.618750000000002,128.340625,0.6783587118962198,0.018328411569501088,0.5340156236122482,40061600.0,0.22567502410800386
2024,E02006853,Tower Hamlets 032,Canary Wharf,4,383.25,53793.6925,27.99125,15.8,50.45625,0.8615018468054051,0.021206199305979202,0.5517172262400243,11870090.0,0.20263796932545236
2024,E02006854,Tower Hamlets 033,Canary Wharf,4,1468.0,2080920.1775000002,21.415,9.569375,173.6975,0.7064820563310641,0.1184827688546224,0.9424357379378958,306648435.0,0.24567590470616096
2024,E02006941,Southwark 035,Southbank,4,465.75,321446.43,144.8825,30.94,338.705625,0.4295277510026311,0.11958883253457868,0.771417030428374,102764212.5,0.10016352273233008
2024,E02006942,Southwark 036,Southbank,4,560.25,73790.6,84.82625,43.3125,167.235625,0.5569509760310914,0.005375719763963679,0.08954048949078337,22996193.75,0.04615322729866963
2024,E02007083,Wandsworth 038,Southbank,4,298.75,78892.44,25.925,19.2275,59.7225,0.8535143354292818,0.023112789095766886,0.7642816691233703,43827130.0,0.1394776119402985
2024,E02007084,Wandsworth 039,Southbank,4,33.25,4451.9025,79.27625,50.8775,137.28312499999998,0.6617647058823529,0.0,0.0,1167737.5,0.36363636363636365
2024,E02007110,Hackney 032,Tech Belt & Midtown,4,380.5,56343.152500000004,61.4975,19.355,172.62,0.5981692757413738,0.023058549538912575,0.21706731906378152,18064835.0,0.3333333333333333
2024,E02007111,Hackney 033,Tech Belt & Midtown,4,2169.75,398117.20499999996,64.65625,26.466875,150.1225,0.6458526176332182,0.0217069636249467,0.41954150573880794,140582446.75,0.3185064935064935
2024,E02007112,Tower Hamlets 034,Canary Wharf,4,213.75,52075.58,44.9775,23.071875,224.8875,0.6035112544425432,0.05614058180860866,0.5180988498055878,10767720.0,0.14564807889415218
2024,E02007113,Tower Hamlets 035,Canary Wharf,4,239.0,168463.54,272.1775,127.30000000000001,749.0625,0.18867466333771254,0.18506098968421741,0.7140342929867413,26756137.5,0.3883120214000278
2024,E02007114,Tower Hamlets 036,Canary Wharf,4,305.5,123965.73250000001,90.375,35.5125,363.3075,0.5276517690819995,0.09455069759198395,0.6087500812469726,22724918.75,0.27720032055086186
2024,E02007115,Camden 029,Tech Belt & Midtown,4,709.75,137230.18,34.1125,13.645624999999999,146.03125,0.6872334786040456,0.02745836518199292,0.44672080569106903,45732298.75,0.23422360952128257
2025,E02000001,City of London 001,City,4,13291.75,6323950.3775,48.38375,17.95125,272.58625,0.6194822560992959,0.09118510027330021,0.7386375395454101,2030674207.5,0.14438119224017726
2025,E02000174,Camden 009,Tech Belt & Midtown,4,41.75,5615.139999999999,64.245,22.713749999999997,167.29500000000002,0.5936234817813766,0.0,0.0,1569720.0,0.3496031746031746
2025,E02000177,Camden 012,Tech Belt & Midtown,4,36.0,2992.1400000000003,107.92,68.4725,133.0725,0.46153846153846156,0.0,0.0,1100550.0,0.4513888888888889
2025,E02000180,Camden 015,Tech Belt & Midtown,4,55.75,6018.92,66.37,25.031875,186.57875,0.5845117845117844,0.0,0.0,1038000.0,0.4337542087542087
2025,E02000183,Camden 018,Tech Belt & Midtown,4,262.0,59763.435000000005,55.6,23.0,206.3125,0.6068702290076335,0.05343511450381679,0.43007417542775017,19373675.0,0.212890625
2025,E02000184,Camden 019,Tech Belt & Midtown,4,277.5,54988.495,62.70625,21.055,185.97500000000002,0.6119269823313942,0.03302763413057531,0.37857499317781895,17045850.0,0.27265614322809895
2025,E02000186,Camden 021,Tech Belt & Midtown,4,547.0,267528.595,63.224999999999994,14.810625,228.96875,0.5892390150530769,0.09132847229828071,0.769473926199829,95351707.5,0.24692788563444978
2025,E02000187,Camden 022,Tech Belt & Midtown,4,379.0,280178.855,36.862500000000004,17.678125,229.906875,0.6891936480797557,0.08956166030634116,0.8480361045575773,163602175.0,0.28513693847150934
2025,E02000188,Camden 023,Tech Belt & Midtown,4,139.75,48250.9175,125.28875,29.85,455.18875,0.44456609894566096,0.06642335766423357,0.44218060286870037,19743015.0,0.29835011673465006
2025,E02000191,Camden 026,West End,4,1042.5,227947.1175,48.27,19.023125,152.414375,0.6688643954302113,0.041419255289976656,0.4956787806894898,105775022.5,0.27587961576987863
2025,E02000192,Camden 027,Tech Belt & Midtown,4,2088.25,355797.78,43.88375,17.497500000000002,146.94375,0.6845081632725699,0.03574067076196101,0.43273039524239887,130296467.5,0.26398893763308884
2025,E02000193,Camden 028,Tech Belt & Midtown,4,3037.5,705166.12,42.144999999999996,16.56625,181.31375,0.6637842764858681,0.050307682650985924,0.5378084845425004,281137427.5,0.26704115421161534
2025,E02000369,Hackney 025,Tech Belt & Midtown,4,169.25,23510.3,96.07875,54.35375,163.85,0.5180806768614618,0.011835270335006792,0.12372930309600946,6505700.0,
2025,E02000370,Hackney 026,Tech Belt & Midtown,4,268.0,78432.14,146.87375,74.555,252.791875,0.3591996186512379,0.030641045251966977,0.3943936930243575,18507325.0,1.0
2025,E02000566,Islington 013,Tech Belt & Midtown,4,20.0,7518.805,153.08499999999998,82.88,343.3525,0.3,0.2,0.6551451309143546,1570675.0,0.2
2025,E02000569,Islington 016,Tech Belt & Midtown,4,40.25,11707.03,60.614999999999995,35.130624999999995,102.70875,0.7453430715625837,0.04974090949700706,0.7170680461427501,2412600.0,0.081021620655767
2025,E02000570,Islington 017,Tech Belt & Midtown,4,33.5,5751.25,97.17500000000001,74.78,187.83125,0.5298573975044563,0.0,0.0,1545012.5,0.1267825311942959
2025,E02000571,Islington 018,Tech Belt & Midtown,4,141.0,11385.7125,57.68875,25.128125,124.13,0.6388018513018513,0.0,0.0,1479525.0,0.25368466991450367
2025,E02000572,Islington 019,Tech Belt & Midtown,4,49.75,19786.405000000002,169.09,104.3125,293.46187499999996,0.2562244897959184,0.10051020408163266,0.5253590878957126,5789925.0,0.15581632653061225
2025,E02000573,Islington 020,Tech Belt & Midtown,4,500.0,88634.20999999999,63.76,25.5025,178.11625,0.6036278397754654,0.023136030827903595,0.26753305408895456,19466920.0,0.3487073343330196
2025,E02000574,Islington 021,Tech Belt & Midtown,4,425.25,136044.2575,62.43625,14.441875,234.98749999999998,0.5831968286848699,0.050914131766181814,0.5927525694485345,39794750.0,0.2510097547176027
2025,E02000575,Islington 022,Tech Belt & Midtown,4,2610.0,633234.6875,95.9875,31.101875,217.685625,0.5093079302307322,0.04549550591297873,0.4268788249796532,202788091.25,0.15124537813327824
2025,E02000576,Islington 023,Tech Belt & Midtown,4,1290.0,499009.715,118.91125,25.585625,355.328125,0.4690758386123141,0.07811044179177379,0.5614166433835409,153196075.0,0.18912266037903397
2025,E02000588,Kensington and Chelsea 012,West End,4,502.5,61963.8675,63.2375,20.677500000000002,163.6375,0.6469806929735915,0.017972143678710903,0.19992881087557857,38028950.0,0.18882553694397705
2025,E02000590,Kensington and Chelsea 014,West End,4,176.25,16299.089999999998,38.68,21.605,60.76875,0.8127408495973883,0.018460404882893758,0.3387219229020044,7655975.0,0.18992900351630015
2025,E02000594,Kensington and Chelsea 018,West End,4,90.0,16744.989999999998,79.2675,36.5925,188.425,0.5557569167572792,0.02223027667029117,0.17141359262870393,8454850.0,0.09683908045977012
2025,E02000595,Kensington and Chelsea 019,West End,4,28.75,5457.2300000000005,192.67,134.028125,241.864375,0.08083333333333334,0.0,0.0,2240250.0,0.19981527093596058
2025,E02000619,Lambeth 002,Southbank,4,160.0,30723.62,28.655,15.995000000000001,52.1125,0.94375,0.00625,0.7991642911870411,5645475.0,0.09762558869701728
2025,E02000620,Lambeth 003,Southbank,4,220.0,50476.119999999995,51.7025,26.48,172.72375,0.657541101602934,0.0182650306000815,0.4076932913905361,23772025.0,0.1767554479418886
2025,E02000621,Lambeth 004,Southbank,4,47.25,12529.9925,113.70125,109.08562500000001,194.45,0.19906471183013147,0.02211830131445905,0.43807951680155804,4835900.0,0.3333333333333333
2025,E02000808,Southwark 002,Southbank,4,2494.0,702620.62,58.955,19.896250000000002,204.258125,0.612048880506004,0.04984952716012863,0.550326489989375,207263378.75,0.07586730287913465
2025,E02000810,Southwark 004,Southbank,4,15.0,2201.44,113.6,60.15,132.825,0.4,0.0,0.0,497500.0,0.0
2025,E02000812,Southwark 006,Southbank,4,407.25,163128.55000000002,47.61875,18.018749999999997,221.42312500000003,0.6412360214303433,0.09661137837304565,0.6957570866620857,65612725.0,0.10320243104254326
2025,E02000815,Southwark 009,Southbank,4,127.5,20455.899999999998,37.6525,14.0975,120.615,0.67802759401633,0.026630013707610704,0.4931093459265599,5070212.5,0.10391929499072357
2025,E02000868,Tower Hamlets 005,Tech Belt & Midtown,4,35.5,3982.1675,72.34625,41.525,110.289375,0.676341888106594,0.0,0.0,580125.0,0.15986328454174673
2025,E02000869,Tower Hamlets 006,Tech Belt & Midtown,4,77.5,5748.637500000001,53.01,29.25,91.675,0.7646386103348128,0.0,0.0,1025037.5,0.004464285714285714
2025,E02000872,Tower Hamlets 009,Tech Belt & Midtown,4,122.0,10407.052500000002,41.91,24.525625,78.85,0.8155809736711376,0.0,0.0,2029750.0,0.08952987135448238
2025,E02000873,Tower Hamlets 010,Tech Belt & Midtown,4,34.0,2190.23,18.41,10.92,22.5,0.9090909090909091,0.030303030303030304,0.4905968779534569,5798010.0,0.058823529411764705
2025,E02000874,Tower Hamlets 011,Tech Belt & Midtown,4,150.5,5894.700000000001,30.7225,19.913749999999997,45.36125,0.975098893284146,0.0,0.0,1555062.5,0.14457309213742833
2025,E02000876,Tower Hamlets 013,Tech Belt & Midtown,4,155.5,13510.302499999998,23.26875,13.460625,44.314375,0.8939030574967551,0.0064320143204655445,0.38103854536666715,3364404.0,0.2637175788246755
2025,E02000878,Tower Hamlets 015,Tech Belt & Midtown,4,1437.5,280313.6575,31.60625,15.480625,69.988125,0.8053252216418274,0.03379614727238079,0.6366278529591282,85373218.75,0.23111417365964598
2025,E02000879,Tower Hamlets 016,Tech Belt & Midtown,4,48.0,6567.469999999998,34.4,21.4,149.95,0.6808510638297872,0.02127659574468085,0.2732118710419364,1606400.0,0.20710594315245479
2025,E02000880,Tower Hamlets 017,Tech Belt & Midtown,4,155.75,13645.0,21.377499999999998,11.5925,86.728125,0.7594658304400375,0.0,0.0,2800387.5,0.4411899601750846
2025,E02000881,Tower Hamlets 018,Canary Wharf,4,89.0,7254.450000000001,24.0,16.0,50.0,0.8314606741573034,0.011235955056179775,0.21158185665350232,941025.0,0.28058663224325875
2025,E02000883,Tower Hamlets 020,Canary Wharf,4,49.0,4053.04,26.085,11.7075,53.95,0.875,0.0,0.0,541420.0,0.765625
2025,E02000884,Tower Hamlets 021,Tech Belt & Midtown,4,1219.75,308310.6975,33.88125,11.266874999999999,148.6175,0.7026094305844146,0.051463791702689006,0.5996245894871979,74083430.0,0.2780147358284042
2025,E02000885,Tower Hamlets 022,Tech Belt & Midtown,4,18.75,3352.57,105.75375,35.3125,276.911875,0.5073529411764706,0.0,0.0,627050.0,0.32352941176470584
2025,E02000886,Tower Hamlets 023,Canary Wharf,4,86.5,7343.585000000001,23.950000000000003,16.355,60.57,0.8265838011226945,0.0,0.0,1340487.5,0.3042170698924731
2025,E02000887,Tower Hamlets 024,Canary Wharf,4,33.0,6393.2,59.35,11.475,203.75,0.59375,0.03125,0.3737721328911969,2314660.0,0.2644230769230769
2025,E02000888,Tower Hamlets 025,Tech Belt & Midtown,4,93.0,3893.29,17.7,12.4725,31.950000000000003,0.8913043478260869,0.0,0.0,832400.0,0.5140669515669516
2025,E02000889,Tower Hamlets 026,Tech Belt & Midtown,4,184.75,52234.70999999999,56.92,22.61875,242.6725,0.5877583749109052,0.07483220479923973,0.4869168857430841,11920750.0,0.4183069833060469
2025,E02000890,Tower Hamlets 027,Tech Belt & Midtown,4,333.0,104379.84,46.042500000000004,10.5,255.5675,0.6246416258392307,0.1216113228089276,0.6613407165257044,30352285.0,0.4477512310947273
2025,E02000894,Tower Hamlets 031,Canary Wharf,4,27.5,426816.1,1735.705,606.26875,12462.6525,0.14600255427841635,0.6349936143039592,0.9913633922532534,25716860.0,0.19617224880382775
2025,E02000967,Westminster 008,West End,4,435.5,78284.2575,39.3675,15.999375,100.378125,0.748060113158201,0.00955241236261076,0.5803564588460267,36110875.0,
2025,E02000968,Westminster 009,West End,4,54.75,8785.552500000002,78.125,40.11749999999999,149.34375,0.5581761006289309,0.01860587002096436,0.22171273524795554,4594900.0,
2025,E02000969,Westminster 010,West End,4,131.5,15092.89,33.099999999999994,24.8,73.7875,0.8060953041869072,0.02281401804302568,0.3386489631437519,5417500.0,
2025,E02000970,Westminster 011,West End,4,2573.25,547903.36,53.8125,20.651249999999997,168.859375,0.6483969790001598,0.0340418606518595,0.42588044033477623,283055093.0,
2025,E02000971,Westminster 012,West End,4,774.0,97168.095,31.384999999999998,13.295,103.88999999999999,0.7441238533404773,0.02351320726168794,0.33508654041872554,48668365.0,
2025,E02000972,Westminster 013,West End,4,7759.75,1398026.5150000001,54.46625,19.81,157.05875,0.6433833305731622,0.0267349656197112,0.3719539359651048,767810472.5,0.2916666666666667
2025,E02000973,Westminster 014,West End,4,52.0,5950.65,88.68,42.66,160.48000000000002,0.5490196078431373,0.0,0.0,1916700.0,
2025,E02000974,Westminster 015,West End,4,690.25,145239.945,14.30625,6.61125,71.005625,0.789186188717023,0.03726719448927282,0.6743014333381727,72532855.0,
2025,E02000975,Westminster 016,West End,4,938.75,160298.605,14.6775,7.56,52.078125,0.8431326230316484,0.04199385327940826,0.6339381203839659,61929750.0,
2025,E02000976,Westminster 017,West End,4,126.0,15832.4425,37.9,17.3225,158.39375,0.6756578776801223,0.015916102771512276,0.14411882825194786,3704112.5,
2025,E02000977,Westminster 018,West End,4,5888.75,1356536.3925,61.8825,19.69125,210.88125,0.5875612072997575,0.04212008335334963,0.43858021763518085,781086386.25,0.453030303030303
2025,E02000978,Westminster 019,West End,4,749.25,173184.85499999998,51.879999999999995,18.86,224.445625,0.620741606639873,0.04358104363267109,0.40894302650442166,98743725.0,
2025,E02000979,Westminster 020,West End,4,1581.25,809138.0225000001,90.01625,26.5,294.68375,0.527952659502667,0.09271879305916189,0.7297459665879114,384330518.75,
2025,E02000980,Westminster 021,West End,4,123.25,81555.455,217.22125,66.15,467.60125,0.3559100079387045,0.07677134625745316,0.6617098427803045,47949562.5,
2025,E02000981,Westminster 022,West End,4,244.25,24911.84,33.4175,19.599999999999998,83.895625,0.7640293584947839,0.013351456194860414,0.19989083783434233,9506125.0,
2025,E02000982,Westminster 023,West End,4,819.5,176221.34000000003,28.8625,14.381250000000001,87.08687499999999,0.770859176462972,0.029593432513448974,0.5710588813190955,68750080.0,
2025,E02000983,Westminster 024,West End,4,33.25,25616.8525,133.72875,56.865,420.63437500000003,0.39545454545454545,0.17803030303030304,0.8284677895447148,7257787.5,
2025,E02006801,Lambeth 036,Southbank,4,366.25,190157.08000000002,142.67374999999998,46.095625,382.294375,0.435886686792766,0.09868085200845507,0.6908706032990867,69090535.0,0.043018662120295516
2025,E02006802,Southwark 034,Southbank,4,480.5,121335.39,48.21875,22.183750000000003,142.29000000000002,0.6630870455330276,0.026364083631084518,0.5450878948861603,43058525.0,0.22567502410800386
2025,E02006853,Tower Hamlets 032,Canary Wharf,4,376.0,54133.78,28.0,15.8,50.629999999999995,0.8581618878145846,0.024366429550282405,0.5651771486387378,11860090.0,0.23040794496463407
2025,E02006854,Tower Hamlets 033,Canary Wharf,4,1507.75,2313592.425,22.29625,9.6625,191.06875,0.6952721549731983,0.12667704191881593,0.9458249038545145,288165697.5,0.2436169117638683
2025,E02006941,Southwark 035,Southbank,4,482.75,333021.8175,149.8225,31.14875,351.1875,0.42310345473776306,0.12583410844479487,0.7694473672366918,100435737.5,0.09917416875789288
2025,E02006942,Southwark 036,Southbank,4,603.0,78665.2925,83.88,42.223125,167.5325,0.5593251253476332,0.004975935587340576,0.08393777689410599,23184737.5,0.0458671184050723
2025,E02007083,Wandsworth 038,Southbank,4,306.0,83469.94,25.98,19.25,65.0,0.8361204013377926,0.026755852842809364,0.7463793552505249,44686755.0,0.14088117354449012
2025,E02007084,Wandsworth 039,Southbank,4,33.75,4467.6925,76.485,51.1125,137.149375,0.6740196078431373,0.0,0.0,1165300.0,0.39090909090909093
2025,E02007110,Hackney 032,Tech Belt & Midtown,4,384.5,58322.615000000005,61.835,19.71375,180.5975,0.5919485288110846,0.02347040481357899,0.2169601623988174,16387960.0,0.25
2025,E02007111,Hackney 033,Tech Belt & Midtown,4,2277.5,439679.4175,63.1275,25.04625,149.55312500000002,0.6512064619319539,0.02310151983461102,0.4494289818132886,139359188.0,0.2727272727272727
2025,E02007112,Tower Hamlets 034,Canary Wharf,4,216.5,46912.1475,44.15,23.478125,219.15625,0.6069520604357439,0.05432935614856095,0.46775570746219597,10236345.0,0.19221412969378243
2025,E02007113,Tower Hamlets 035,Canary Wharf,4,245.5,175326.135,283.6,129.40625,749.0625,0.1828367740392843,0.1876966793341542,0.7161751048769627,26931700.0,0.4034600108606557
2025,E02007114,Tower Hamlets 036,Canary Wharf,4,329.5,154443.695,87.1125,34.653125,364.7175,0.5341375659642519,0.10243121785778178,0.6702546948542185,22298962.5,0.2704187124271883
2025,E02007115,Camden 029,Tech Belt & Midtown,4,721.25,141748.23,33.82,13.561874999999999,145.940625,0.6876157965350529,0.02808034309567097,0.45702741797098656,47108142.5,0.2534338311038995
